-- MariaDB dump 10.17  Distrib 10.4.15-MariaDB, for Linux (x86_64)
--
-- Host: mysql.hostinger.ro    Database: u574849695_21
-- ------------------------------------------------------
-- Server version	10.4.15-MariaDB-cll-lve

/*!40101 SET @OLD_CHARACTER_SET_CLIENT=@@CHARACTER_SET_CLIENT */;
/*!40101 SET @OLD_CHARACTER_SET_RESULTS=@@CHARACTER_SET_RESULTS */;
/*!40101 SET @OLD_COLLATION_CONNECTION=@@COLLATION_CONNECTION */;
/*!40101 SET NAMES utf8mb4 */;
/*!40103 SET @OLD_TIME_ZONE=@@TIME_ZONE */;
/*!40103 SET TIME_ZONE='+00:00' */;
/*!40014 SET @OLD_UNIQUE_CHECKS=@@UNIQUE_CHECKS, UNIQUE_CHECKS=0 */;
/*!40014 SET @OLD_FOREIGN_KEY_CHECKS=@@FOREIGN_KEY_CHECKS, FOREIGN_KEY_CHECKS=0 */;
/*!40101 SET @OLD_SQL_MODE=@@SQL_MODE, SQL_MODE='NO_AUTO_VALUE_ON_ZERO' */;
/*!40111 SET @OLD_SQL_NOTES=@@SQL_NOTES, SQL_NOTES=0 */;

--
-- Table structure for table `communities`
--

DROP TABLE IF EXISTS `communities`;
/*!40101 SET @saved_cs_client     = @@character_set_client */;
/*!40101 SET character_set_client = utf8 */;
CREATE TABLE `communities` (
  `id` bigint(20) unsigned NOT NULL AUTO_INCREMENT,
  `name` varchar(150) COLLATE utf8mb4_unicode_ci DEFAULT NULL,
  `admin_user_id` bigint(20) unsigned NOT NULL,
  UNIQUE KEY `id` (`id`),
  KEY `communities_name_idx` (`name`),
  KEY `admin_user_id` (`admin_user_id`),
  CONSTRAINT `communities_ibfk_1` FOREIGN KEY (`admin_user_id`) REFERENCES `users` (`id`)
) ENGINE=InnoDB AUTO_INCREMENT=101 DEFAULT CHARSET=utf8mb4 COLLATE=utf8mb4_unicode_ci;
/*!40101 SET character_set_client = @saved_cs_client */;

--
-- Dumping data for table `communities`
--

LOCK TABLES `communities` WRITE;
/*!40000 ALTER TABLE `communities` DISABLE KEYS */;
INSERT INTO `communities` VALUES (1,'enim',1),(2,'quas',2),(3,'quis',3),(4,'maiores',4),(5,'dolor',5),(6,'sit',6),(7,'eos',7),(8,'vero',8),(9,'iure',9),(10,'sapiente',10),(11,'et',11),(12,'eveniet',12),(13,'aperiam',13),(14,'voluptatibus',14),(15,'harum',15),(16,'rerum',16),(17,'consequatur',17),(18,'id',18),(19,'consectetur',19),(20,'consequatur',20),(21,'eligendi',21),(22,'consequuntur',22),(23,'quis',23),(24,'consequatur',24),(25,'aut',25),(26,'dicta',26),(27,'iusto',27),(28,'quis',28),(29,'blanditiis',29),(30,'debitis',30),(31,'eveniet',31),(32,'alias',32),(33,'omnis',33),(34,'doloremque',34),(35,'repudiandae',35),(36,'neque',36),(37,'et',37),(38,'aliquid',38),(39,'praesentium',39),(40,'suscipit',40),(41,'esse',41),(42,'veritatis',42),(43,'odio',43),(44,'vitae',44),(45,'alias',45),(46,'saepe',46),(47,'qui',47),(48,'dolorem',48),(49,'doloremque',49),(50,'deleniti',50),(51,'tempora',51),(52,'voluptatem',52),(53,'autem',53),(54,'consequatur',54),(55,'libero',55),(56,'ut',56),(57,'maiores',57),(58,'laboriosam',58),(59,'aut',59),(60,'atque',60),(61,'ipsam',61),(62,'ut',62),(63,'voluptatem',63),(64,'magnam',64),(65,'et',65),(66,'facere',66),(67,'qui',67),(68,'esse',68),(69,'voluptatem',69),(70,'laborum',70),(71,'excepturi',71),(72,'labore',72),(73,'aut',73),(74,'est',74),(75,'illo',75),(76,'eaque',76),(77,'ullam',77),(78,'est',78),(79,'rem',79),(80,'sed',80),(81,'voluptatum',81),(82,'sit',82),(83,'recusandae',83),(84,'animi',84),(85,'nam',85),(86,'quasi',86),(87,'esse',87),(88,'qui',88),(89,'blanditiis',89),(90,'qui',90),(91,'sit',91),(92,'vel',92),(93,'molestiae',93),(94,'maxime',94),(95,'aliquid',95),(96,'et',96),(97,'dolorem',97),(98,'fugiat',98),(99,'culpa',99),(100,'ipsa',100);
/*!40000 ALTER TABLE `communities` ENABLE KEYS */;
UNLOCK TABLES;

--
-- Table structure for table `friend_requests`
--

DROP TABLE IF EXISTS `friend_requests`;
/*!40101 SET @saved_cs_client     = @@character_set_client */;
/*!40101 SET character_set_client = utf8 */;
CREATE TABLE `friend_requests` (
  `initiator_user_id` bigint(20) unsigned NOT NULL,
  `target_user_id` bigint(20) unsigned NOT NULL,
  `status` enum('requested','approved','declined','unfriended') COLLATE utf8mb4_unicode_ci DEFAULT NULL,
  `requested_at` datetime DEFAULT current_timestamp(),
  `updated_at` datetime DEFAULT NULL ON UPDATE current_timestamp(),
  PRIMARY KEY (`initiator_user_id`,`target_user_id`),
  KEY `target_user_id` (`target_user_id`),
  CONSTRAINT `friend_requests_ibfk_1` FOREIGN KEY (`initiator_user_id`) REFERENCES `users` (`id`),
  CONSTRAINT `friend_requests_ibfk_2` FOREIGN KEY (`target_user_id`) REFERENCES `users` (`id`)
) ENGINE=InnoDB DEFAULT CHARSET=utf8mb4 COLLATE=utf8mb4_unicode_ci;
/*!40101 SET character_set_client = @saved_cs_client */;

--
-- Dumping data for table `friend_requests`
--

LOCK TABLES `friend_requests` WRITE;
/*!40000 ALTER TABLE `friend_requests` DISABLE KEYS */;
INSERT INTO `friend_requests` VALUES (1,1,'declined','1973-12-15 15:28:26','1988-05-11 17:42:10'),(2,2,'approved','1976-08-23 07:17:25','2016-01-10 09:04:13'),(3,3,'approved','1972-06-28 21:16:49','1972-06-29 08:49:54'),(4,4,'declined','2010-01-13 04:20:56','1999-06-08 16:32:58'),(5,5,'approved','1980-02-08 10:02:40','1986-11-23 15:37:24'),(6,6,'requested','2018-08-23 05:10:33','2003-07-17 07:44:33'),(7,7,'declined','2019-07-07 19:17:39','2020-08-14 21:17:20'),(8,8,'requested','1977-06-06 08:24:39','1973-06-04 04:01:10'),(9,9,'declined','2011-02-01 03:46:33','2009-09-23 02:03:06'),(10,10,'unfriended','1972-11-26 12:04:26','2004-06-03 10:12:08'),(11,11,'unfriended','2013-12-24 22:43:47','1985-02-23 09:16:32'),(12,12,'approved','2007-11-12 09:11:10','1978-08-02 17:54:29'),(13,13,'declined','1981-01-21 15:01:27','2001-05-20 13:29:59'),(14,14,'unfriended','1999-06-13 07:44:25','1996-01-18 14:03:10'),(15,15,'approved','1980-08-10 13:10:30','1978-05-10 16:01:45'),(16,16,'requested','2004-09-26 09:25:23','2004-06-03 04:13:25'),(17,17,'approved','1996-10-02 21:09:41','1996-07-29 16:49:42'),(18,18,'approved','1983-03-02 11:11:43','2019-04-02 18:01:11'),(19,19,'approved','1972-11-05 13:33:22','1988-09-18 07:18:06'),(20,20,'requested','2020-03-07 09:00:23','1994-11-14 13:12:23'),(21,21,'unfriended','1985-06-02 20:00:00','2012-02-28 18:25:51'),(22,22,'unfriended','1978-08-06 08:50:57','1974-10-16 12:29:41'),(23,23,'requested','1983-10-27 00:55:27','1972-09-26 07:59:41'),(24,24,'unfriended','2005-02-03 11:42:17','1978-11-17 17:53:48'),(25,25,'approved','1975-03-05 22:18:17','2020-05-27 10:45:34'),(26,26,'declined','2015-05-22 11:28:03','1999-06-25 08:03:37'),(27,27,'requested','1979-03-14 12:34:31','1973-02-19 05:19:37'),(28,28,'approved','1987-08-28 00:21:34','2000-08-11 23:12:43'),(29,29,'approved','2003-09-30 15:53:59','2019-03-04 13:06:10'),(30,30,'approved','1987-12-13 20:58:30','2018-05-02 03:24:06'),(31,31,'approved','1988-04-19 15:18:02','2002-11-25 17:15:20'),(32,32,'requested','1979-03-04 05:10:56','2001-10-03 15:51:39'),(33,33,'unfriended','2002-07-21 08:59:01','2016-05-05 16:40:31'),(34,34,'declined','2014-11-22 08:20:21','2021-02-26 21:13:02'),(35,35,'requested','1979-11-02 16:35:36','1975-04-22 08:22:29'),(36,36,'requested','2013-02-25 08:31:48','2013-03-14 18:53:11'),(37,37,'declined','2018-08-03 02:00:54','1986-08-26 06:32:11'),(38,38,'unfriended','1982-05-03 20:06:48','1977-01-21 19:26:38'),(39,39,'declined','2005-06-06 09:58:26','1985-04-21 21:33:44'),(40,40,'requested','1977-04-21 06:51:41','1988-03-29 13:03:53'),(41,41,'unfriended','2018-05-26 20:54:18','1990-06-25 02:50:31'),(42,42,'requested','1985-03-31 18:44:39','1999-08-20 13:04:32'),(43,43,'approved','2005-06-27 11:08:22','1998-07-06 17:23:57'),(44,44,'unfriended','1985-09-02 20:52:22','2000-09-06 22:32:00'),(45,45,'unfriended','2004-05-10 06:45:06','1980-05-30 13:27:20'),(46,46,'approved','1986-04-24 18:12:45','2009-06-13 08:31:23'),(47,47,'declined','1981-12-11 21:08:19','2020-01-18 22:19:42'),(48,48,'requested','2004-12-21 16:41:57','2008-06-10 00:39:02'),(49,49,'unfriended','1984-06-18 08:08:41','2010-09-24 13:10:31'),(50,50,'approved','1990-12-12 01:37:19','2019-12-23 09:18:41'),(51,51,'requested','1979-01-29 11:25:28','2002-12-26 08:37:30'),(52,52,'requested','2002-04-15 03:04:56','1975-09-04 06:19:19'),(53,53,'approved','1982-01-17 18:14:57','2016-03-16 08:33:54'),(54,54,'approved','2001-11-21 18:44:25','1999-03-26 22:10:47'),(55,55,'approved','1974-10-23 01:22:06','2017-02-09 18:55:52'),(56,56,'approved','2001-03-12 03:36:37','1970-06-18 13:40:20'),(57,57,'declined','1998-01-17 05:11:27','2015-10-24 23:32:13'),(58,58,'declined','1996-05-18 10:54:17','1978-09-18 14:26:13'),(59,59,'approved','2014-12-16 15:38:50','1975-01-02 00:21:53'),(60,60,'declined','1985-08-04 14:03:34','1987-01-31 17:43:15'),(61,61,'declined','1987-04-24 05:08:12','1989-08-19 15:58:30'),(62,62,'approved','1977-05-02 11:46:07','2000-07-09 11:17:39'),(63,63,'requested','2009-05-28 12:46:26','1973-03-30 20:11:23'),(64,64,'approved','1979-02-21 16:55:38','1994-05-03 11:54:53'),(65,65,'declined','1994-05-28 02:45:03','1971-10-01 10:49:07'),(66,66,'requested','2013-06-20 16:12:28','2009-01-23 22:57:18'),(67,67,'requested','2009-01-31 04:13:37','1990-07-28 23:38:38'),(68,68,'unfriended','2015-10-02 15:06:09','1975-10-27 08:18:29'),(69,69,'requested','1997-07-09 02:15:41','2000-02-05 17:19:11'),(70,70,'declined','2008-08-21 01:30:09','2013-01-25 07:32:34'),(71,71,'requested','2017-11-16 09:36:35','1979-09-06 12:45:32'),(72,72,'approved','2004-09-14 14:57:42','2012-05-05 20:29:54'),(73,73,'unfriended','2004-04-28 11:02:51','1981-01-20 09:34:20'),(74,74,'requested','1984-03-10 16:36:06','2013-08-22 06:40:07'),(75,75,'requested','1979-09-25 07:27:26','2009-11-14 11:06:59'),(76,76,'declined','1973-06-14 07:55:05','1981-08-08 08:43:55'),(77,77,'approved','1985-12-23 02:21:18','2011-04-01 02:50:57'),(78,78,'unfriended','2013-10-10 00:41:08','2021-01-02 08:56:12'),(79,79,'requested','2012-09-01 06:11:13','1996-02-26 21:08:03'),(80,80,'unfriended','1976-05-28 05:43:10','1995-01-31 07:41:59'),(81,81,'requested','1996-03-23 00:52:06','2005-11-13 19:14:16'),(82,82,'declined','1980-10-22 21:54:37','1995-04-20 10:49:36'),(83,83,'approved','1990-12-09 02:36:45','1988-11-20 14:43:13'),(84,84,'requested','1977-12-03 17:16:25','2020-11-13 21:21:02'),(85,85,'approved','1980-05-11 08:08:26','1982-04-12 07:48:19'),(86,86,'requested','1989-10-12 08:16:23','1995-11-28 01:10:13'),(87,87,'requested','2008-06-24 09:33:37','1991-12-29 17:05:19'),(88,88,'declined','2018-12-09 03:14:18','2002-12-07 20:03:07'),(89,89,'declined','1987-01-29 10:51:09','2017-07-30 15:57:43'),(90,90,'requested','2011-11-11 00:47:14','2016-12-08 23:42:33'),(91,91,'approved','1990-06-04 05:56:12','1994-04-20 06:55:01'),(92,92,'declined','2010-04-23 04:41:38','1990-08-30 16:25:08'),(93,93,'approved','1978-11-30 12:21:56','2012-07-22 03:07:53'),(94,94,'declined','1982-03-21 21:01:57','1973-07-14 17:22:08'),(95,95,'unfriended','2003-08-03 13:15:59','1983-11-12 03:31:48'),(96,96,'approved','1989-02-17 08:15:48','1987-03-22 12:32:44'),(97,97,'unfriended','1994-06-28 16:18:56','1990-12-24 08:30:08'),(98,98,'declined','1973-01-26 15:14:47','1999-11-21 06:34:48'),(99,99,'unfriended','1996-12-22 07:31:22','1972-12-17 19:07:25'),(100,100,'declined','2014-12-05 23:03:38','1983-12-27 13:31:23');
/*!40000 ALTER TABLE `friend_requests` ENABLE KEYS */;
UNLOCK TABLES;

--
-- Table structure for table `likes`
--

DROP TABLE IF EXISTS `likes`;
/*!40101 SET @saved_cs_client     = @@character_set_client */;
/*!40101 SET character_set_client = utf8 */;
CREATE TABLE `likes` (
  `id` bigint(20) unsigned NOT NULL AUTO_INCREMENT,
  `user_id` bigint(20) unsigned NOT NULL,
  `media_id` bigint(20) unsigned NOT NULL,
  `created_at` datetime DEFAULT current_timestamp(),
  UNIQUE KEY `id` (`id`)
) ENGINE=InnoDB AUTO_INCREMENT=101 DEFAULT CHARSET=utf8mb4 COLLATE=utf8mb4_unicode_ci;
/*!40101 SET character_set_client = @saved_cs_client */;

--
-- Dumping data for table `likes`
--

LOCK TABLES `likes` WRITE;
/*!40000 ALTER TABLE `likes` DISABLE KEYS */;
INSERT INTO `likes` VALUES (1,1,1,'2006-01-02 10:52:28'),(2,2,2,'1980-01-22 04:31:10'),(3,3,3,'2001-09-30 11:29:40'),(4,4,4,'2017-11-04 03:25:34'),(5,5,5,'2003-03-06 23:48:41'),(6,6,6,'2012-10-21 00:38:08'),(7,7,7,'2007-06-25 02:18:26'),(8,8,8,'2003-07-04 02:20:01'),(9,9,9,'1979-08-30 00:49:02'),(10,10,10,'2004-10-21 21:47:38'),(11,11,11,'1982-07-24 11:52:16'),(12,12,12,'2006-09-22 05:29:01'),(13,13,13,'1997-11-22 21:18:48'),(14,14,14,'2011-07-30 09:39:52'),(15,15,15,'2011-03-30 08:30:06'),(16,16,16,'1994-11-17 05:07:36'),(17,17,17,'1992-04-13 20:36:09'),(18,18,18,'1986-12-26 19:19:55'),(19,19,19,'1986-04-18 01:05:35'),(20,20,20,'1987-02-15 15:07:35'),(21,21,21,'2002-05-26 10:06:54'),(22,22,22,'1981-12-02 05:09:27'),(23,23,23,'1988-02-05 15:19:34'),(24,24,24,'1982-04-05 11:39:00'),(25,25,25,'1976-10-20 06:51:57'),(26,26,26,'2016-04-20 13:54:05'),(27,27,27,'1973-10-05 17:15:56'),(28,28,28,'2004-04-06 20:37:03'),(29,29,29,'1998-11-02 17:24:30'),(30,30,30,'1984-01-12 11:24:01'),(31,31,31,'2006-06-02 06:23:15'),(32,32,32,'1988-03-27 21:14:46'),(33,33,33,'1977-09-24 23:35:03'),(34,34,34,'2017-03-02 23:38:33'),(35,35,35,'2006-01-25 02:30:07'),(36,36,36,'2013-11-19 18:49:59'),(37,37,37,'1996-12-01 11:30:09'),(38,38,38,'2005-10-10 22:58:25'),(39,39,39,'1986-02-15 14:18:57'),(40,40,40,'2005-02-28 03:17:29'),(41,41,41,'1978-05-24 04:30:00'),(42,42,42,'1996-08-01 15:19:27'),(43,43,43,'1983-11-23 22:12:00'),(44,44,44,'1972-03-21 09:57:02'),(45,45,45,'1995-04-17 13:56:45'),(46,46,46,'1988-04-17 21:54:51'),(47,47,47,'1987-11-15 07:49:26'),(48,48,48,'2002-11-30 01:08:31'),(49,49,49,'2001-09-23 05:41:17'),(50,50,50,'2011-07-14 14:20:19'),(51,51,51,'1993-05-17 12:45:27'),(52,52,52,'1977-08-30 01:08:06'),(53,53,53,'2000-10-07 23:02:50'),(54,54,54,'1973-05-01 19:30:11'),(55,55,55,'1991-02-11 11:34:29'),(56,56,56,'1973-01-20 11:52:33'),(57,57,57,'1992-03-01 22:19:24'),(58,58,58,'1980-01-09 19:04:46'),(59,59,59,'2018-04-18 20:09:53'),(60,60,60,'2005-12-06 10:06:26'),(61,61,61,'1995-01-26 20:25:04'),(62,62,62,'1994-05-02 15:40:32'),(63,63,63,'1993-08-20 04:28:28'),(64,64,64,'1992-04-27 08:50:51'),(65,65,65,'1995-03-31 09:31:14'),(66,66,66,'1982-12-05 03:22:24'),(67,67,67,'1997-11-11 14:07:06'),(68,68,68,'2006-04-22 17:59:00'),(69,69,69,'1981-03-06 08:38:41'),(70,70,70,'1971-08-24 22:26:10'),(71,71,71,'1976-07-11 22:45:11'),(72,72,72,'2006-02-06 17:35:29'),(73,73,73,'1991-12-03 15:32:16'),(74,74,74,'1994-08-18 03:20:30'),(75,75,75,'1981-06-06 11:59:34'),(76,76,76,'2009-05-27 03:29:03'),(77,77,77,'2004-07-27 09:12:07'),(78,78,78,'1997-01-10 06:06:32'),(79,79,79,'2006-06-05 15:25:56'),(80,80,80,'1995-10-18 06:02:55'),(81,81,81,'2018-04-24 12:09:40'),(82,82,82,'1999-02-02 04:56:21'),(83,83,83,'2005-12-07 11:43:06'),(84,84,84,'2008-06-09 14:22:26'),(85,85,85,'1989-01-05 04:40:26'),(86,86,86,'2007-02-01 03:51:39'),(87,87,87,'1988-09-14 12:59:26'),(88,88,88,'1992-05-05 14:36:04'),(89,89,89,'1995-03-19 17:23:59'),(90,90,90,'1977-04-28 11:22:47'),(91,91,91,'2011-03-07 23:10:11'),(92,92,92,'1974-09-26 15:23:58'),(93,93,93,'1993-06-17 07:53:55'),(94,94,94,'2017-10-17 23:13:40'),(95,95,95,'1976-01-24 07:11:15'),(96,96,96,'1973-03-25 13:32:14'),(97,97,97,'1980-07-17 08:57:23'),(98,98,98,'1989-11-06 07:34:28'),(99,99,99,'2001-11-29 07:39:17'),(100,100,100,'1976-05-23 04:26:37');
/*!40000 ALTER TABLE `likes` ENABLE KEYS */;
UNLOCK TABLES;

--
-- Table structure for table `location`
--

DROP TABLE IF EXISTS `location`;
/*!40101 SET @saved_cs_client     = @@character_set_client */;
/*!40101 SET character_set_client = utf8 */;
CREATE TABLE `location` (
  `id` bigint(20) unsigned NOT NULL AUTO_INCREMENT,
  `country` varchar(255) COLLATE utf8mb4_unicode_ci NOT NULL,
  `state` varchar(255) COLLATE utf8mb4_unicode_ci DEFAULT NULL,
  `locality` varchar(255) COLLATE utf8mb4_unicode_ci NOT NULL,
  `timezone` int(11) NOT NULL,
  UNIQUE KEY `id` (`id`)
) ENGINE=InnoDB AUTO_INCREMENT=21 DEFAULT CHARSET=utf8mb4 COLLATE=utf8mb4_unicode_ci;
/*!40101 SET character_set_client = @saved_cs_client */;

--
-- Dumping data for table `location`
--

LOCK TABLES `location` WRITE;
/*!40000 ALTER TABLE `location` DISABLE KEYS */;
INSERT INTO `location` VALUES (1,'Kyrgyz Republic','Hawaii','Felipaside',-5),(2,'French Polynesia','Nevada','North Delbertstad',10),(3,'Saint Kitts and Nevis','Virginia','Mohrport',-7),(4,'France','Nevada','New Skyla',-4),(5,'Montenegro','Kentucky','Hyatthaven',12),(6,'Kenya','Virginia','Lazaroland',8),(7,'Guam','NorthCarolina','South Shyannhaven',-8),(8,'Belize','Idaho','North Myrnaburgh',11),(9,'Palestinian Territory','Delaware','South Juvenal',-5),(10,'Grenada','Illinois','Lake Lois',5),(11,'Lithuania','Hawaii','Turnerville',-2),(12,'Peru','RhodeIsland','Grimesmouth',-7),(13,'Peru','Wyoming','Torpburgh',-8),(14,'Nepal','Washington','Lake Kamille',-11),(15,'Cameroon','NewMexico','West Shawnamouth',1),(16,'Togo','Michigan','New Agustinaborough',-11),(17,'Sierra Leone','SouthDakota','Cadenland',-11),(18,'French Southern Territories','Arkansas','Hoegerchester',10),(19,'Czech Republic','Maryland','East Andy',-10),(20,'United States Virgin Islands','Arkansas','Lake Abagailland',-11);
/*!40000 ALTER TABLE `location` ENABLE KEYS */;
UNLOCK TABLES;

--
-- Table structure for table `media`
--

DROP TABLE IF EXISTS `media`;
/*!40101 SET @saved_cs_client     = @@character_set_client */;
/*!40101 SET character_set_client = utf8 */;
CREATE TABLE `media` (
  `id` bigint(20) unsigned NOT NULL AUTO_INCREMENT,
  `media_type_id` bigint(20) unsigned NOT NULL,
  `user_id` bigint(20) unsigned NOT NULL,
  `body` text COLLATE utf8mb4_unicode_ci DEFAULT NULL,
  `filename` varchar(255) COLLATE utf8mb4_unicode_ci DEFAULT NULL,
  `size` int(11) DEFAULT NULL,
  `metadata` longtext CHARACTER SET utf8mb4 COLLATE utf8mb4_bin DEFAULT NULL CHECK (json_valid(`metadata`)),
  `created_at` datetime DEFAULT current_timestamp(),
  `updated_at` datetime DEFAULT NULL ON UPDATE current_timestamp(),
  UNIQUE KEY `id` (`id`),
  KEY `user_id` (`user_id`),
  KEY `media_type_id` (`media_type_id`),
  CONSTRAINT `media_ibfk_1` FOREIGN KEY (`user_id`) REFERENCES `users` (`id`),
  CONSTRAINT `media_ibfk_2` FOREIGN KEY (`media_type_id`) REFERENCES `media_types` (`id`)
) ENGINE=InnoDB AUTO_INCREMENT=101 DEFAULT CHARSET=utf8mb4 COLLATE=utf8mb4_unicode_ci;
/*!40101 SET character_set_client = @saved_cs_client */;

--
-- Dumping data for table `media`
--

LOCK TABLES `media` WRITE;
/*!40000 ALTER TABLE `media` DISABLE KEYS */;
INSERT INTO `media` VALUES (1,1,1,'Laboriosam dolor saepe unde est veritatis nihil qui. Repellat esse quis assumenda omnis sequi. Et est alias cumque nulla quod. Esse autem aut laborum iusto.','sint',0,NULL,'1984-10-04 07:25:31','1989-09-30 08:55:56'),(2,2,2,'Eos aut amet consequatur qui. Et et ad dolor recusandae reprehenderit explicabo quidem. Aperiam necessitatibus omnis occaecati omnis.','ut',46,NULL,'2012-07-23 11:27:58','2010-11-29 02:53:04'),(3,3,3,'Quasi debitis excepturi cumque error natus tempora voluptatem molestiae. Dolore incidunt dignissimos architecto ut et earum sed. Consequatur velit ipsa animi rerum.','voluptas',824846,NULL,'2010-04-14 17:11:53','1978-03-26 19:52:45'),(4,4,4,'Voluptate voluptate esse molestiae blanditiis sit dolorem magni. Aut eos qui et qui impedit velit. Est repellendus unde quia aliquid deleniti. Eum fugiat reprehenderit sequi ab dignissimos aliquid iusto atque.','enim',2217953,NULL,'2016-02-25 19:49:47','1990-06-07 02:03:41'),(5,5,5,'Facilis facere nostrum totam fuga sed illo temporibus tempora. Cum recusandae nam est qui harum. Dolores sed et exercitationem sed. In quia quidem reprehenderit.','animi',387,NULL,'1991-04-23 17:08:48','2016-10-05 07:37:59'),(6,6,6,'Ullam minus sed atque aut natus dolores at possimus. Fugit rerum sit ut eos dicta perferendis et. Quae nulla dolores eos error et odio totam quo. Saepe ut quisquam sunt dolorem reprehenderit debitis non repellat. Quia molestias qui corrupti voluptatibus.','voluptates',166,NULL,'1972-02-12 22:46:54','1988-03-15 06:26:11'),(7,7,7,'Cumque inventore sequi temporibus sit. Magni natus ratione molestiae rerum provident vel. In unde nihil dolorem esse voluptas occaecati aut. Libero nulla dolorem eos.','quos',8298292,NULL,'2008-10-03 03:16:01','1990-10-04 16:14:36'),(8,1,8,'Quam tempore natus aut laborum voluptatem est ad. Quia vel qui eos harum perspiciatis. Est porro placeat quia deserunt necessitatibus ducimus iste.','in',9770,NULL,'1974-08-23 23:55:51','1973-02-16 02:11:48'),(9,2,9,'Porro magni assumenda harum itaque. Beatae molestiae quisquam debitis minus. Nam ut eveniet enim doloremque nesciunt dicta commodi. Accusantium dolorum eum voluptas est.','voluptatibus',26478843,NULL,'2013-02-28 15:39:39','1987-06-24 23:42:31'),(10,3,10,'Exercitationem iste id provident debitis totam. Qui voluptates velit recusandae aperiam aut labore aut molestias. Maxime possimus sed laborum qui dolores quas cupiditate quia. Suscipit neque voluptate quae quis exercitationem.','explicabo',9527,NULL,'1989-03-21 09:23:28','2006-07-15 13:22:15'),(11,4,11,'Exercitationem voluptas modi magnam reiciendis veritatis. Aut fuga commodi culpa optio quis nemo molestias quia. Deleniti qui autem assumenda quis vel expedita. Quia similique nihil dolores hic consequatur aut.','dolorum',9790744,NULL,'2012-01-27 00:01:35','2010-05-10 14:37:57'),(12,5,12,'Impedit similique voluptatem similique. At aliquam dolores suscipit quod sunt dolorem alias fugiat. Ratione et dolores minus beatae rem deserunt. Voluptas repellendus laboriosam impedit enim.','eaque',549,NULL,'1991-06-07 20:03:58','2005-06-29 21:05:15'),(13,6,13,'Sint voluptatem iusto aliquam occaecati blanditiis excepturi quasi. In quaerat corrupti omnis eum et. Maxime laboriosam ex exercitationem quod dolore.','exercitationem',68,NULL,'1997-03-27 04:32:54','1984-07-31 09:13:33'),(14,7,14,'Sit ratione repellendus exercitationem a expedita. Ut qui provident explicabo sunt vero. Molestiae quos consequatur quis dolores suscipit nemo nostrum omnis.','consequatur',5969,NULL,'1977-12-22 23:04:05','2014-05-22 00:37:41'),(15,1,15,'Dolor enim commodi dolorem ea vero. Quibusdam natus itaque adipisci eligendi. Iure eveniet quos id quam quam reiciendis. Facere quos quibusdam aut.','molestiae',1,NULL,'1989-05-28 19:45:32','2019-09-15 01:10:57'),(16,2,16,'Explicabo voluptatem aperiam distinctio sed nobis provident et doloribus. Pariatur a vero rem voluptate dolorem rerum voluptatum. Sit et enim expedita fugiat est non ut repellat.','est',431520227,NULL,'2016-04-05 23:15:39','1971-04-20 00:29:48'),(17,3,17,'Eius enim reiciendis tempore repellendus qui. Est asperiores placeat sunt assumenda molestiae. Optio dolorum cupiditate quaerat et. Numquam eveniet consequatur placeat necessitatibus perferendis dolores similique.','omnis',989429,NULL,'1998-08-10 15:50:03','1981-09-13 17:07:09'),(18,4,18,'Et possimus veniam vel illum dolores. Distinctio sed quisquam fugiat repellat explicabo voluptas vel. Id et laboriosam iste provident quos nesciunt inventore consectetur.','ut',22282,NULL,'1986-03-28 06:34:50','2007-03-22 11:01:04'),(19,5,19,'Quis facilis quam vero fugit in adipisci modi. Cumque expedita sit sapiente impedit magni assumenda. Id repudiandae ipsam molestiae veritatis cum temporibus.','laboriosam',391740,NULL,'2000-08-17 05:01:04','1970-04-16 07:45:43'),(20,6,20,'Quis distinctio numquam aut fugiat qui reprehenderit molestiae. Ut quas facere molestiae optio error. Expedita qui aut excepturi commodi.','totam',1818,NULL,'1973-09-12 15:02:03','1971-01-19 15:07:16'),(21,7,21,'Laborum deserunt id repellendus labore dignissimos. Aut sunt laborum velit ut. Recusandae officia quasi natus adipisci.','nesciunt',281616,NULL,'2019-12-26 12:04:52','1978-07-22 12:02:58'),(22,1,22,'Ea ad corrupti labore natus expedita magnam occaecati enim. Autem quia earum cumque magni dolores quos repellendus rerum. Ipsum tempore consequatur maxime fugit voluptas eveniet expedita. Incidunt sunt adipisci voluptas doloremque quam.','delectus',0,NULL,'2010-03-11 16:19:34','1999-01-26 12:10:32'),(23,2,23,'Molestias voluptatem mollitia voluptatum vel. Eum quisquam est et omnis iste. Facere facilis sequi et et aut sequi.','quam',36641,NULL,'2019-03-10 16:45:17','2012-10-27 22:43:53'),(24,3,24,'Corporis nesciunt magni corporis rerum asperiores id architecto. Repellendus deleniti enim quia expedita est. Doloribus consequatur ea reiciendis unde maiores. Error quia dolores corrupti minus.','dolorem',44670191,NULL,'1986-03-05 17:46:53','2010-07-20 19:49:36'),(25,4,25,'Ipsa ut velit et fugiat ipsam quidem qui. Perferendis consequatur occaecati odio rerum et quaerat. Dignissimos labore totam accusantium nemo hic. Explicabo eum fuga dolorem repellat iusto aut dolorem.','quo',871996,NULL,'2019-10-18 11:20:06','1983-10-01 10:00:42'),(26,5,26,'Labore facilis quia quia numquam ea numquam soluta. Sit voluptatem nemo debitis cupiditate rem adipisci omnis. Recusandae sed expedita rem ut praesentium natus. Quo rem qui repellendus iure impedit qui.','sunt',51585,NULL,'1997-11-24 02:49:42','1994-08-27 11:28:04'),(27,6,27,'Reiciendis eos enim libero corrupti aliquam tempora. Explicabo repellat illo nam dignissimos doloremque voluptas nobis blanditiis. Sit tenetur sunt quasi laboriosam ducimus et.','voluptas',883763854,NULL,'2019-01-24 14:35:58','1994-07-18 10:12:14'),(28,7,28,'Qui assumenda omnis ut. Magni reiciendis iusto est nobis. Soluta animi in assumenda cupiditate. Esse natus aspernatur tempore id et autem. Autem eius quia quo dolor maiores et.','quia',0,NULL,'2016-05-14 06:03:07','2001-02-03 09:06:01'),(29,1,29,'Repellat maxime culpa maiores et aperiam autem eveniet praesentium. Explicabo repellendus adipisci officiis harum ut ipsum qui qui. Qui fugiat ducimus repellendus porro voluptatem. Explicabo laudantium laboriosam quaerat eum.','deleniti',516,NULL,'1979-01-09 19:18:52','2015-06-20 02:06:38'),(30,2,30,'Et vitae repellendus praesentium nulla voluptates. Voluptatem ducimus quidem et aliquam molestias soluta laudantium. Aut nemo pariatur voluptas ut voluptas tempore aut inventore.','eos',3627183,NULL,'2010-05-04 02:15:02','1979-01-25 04:51:50'),(31,3,31,'Distinctio voluptatum occaecati eum sed. Et quis et quibusdam inventore. Esse molestias perferendis sint asperiores. Quis commodi earum unde quasi veniam inventore.','nulla',2538337,NULL,'2011-06-26 10:15:54','2013-06-09 05:12:59'),(32,4,32,'Dolorem incidunt omnis quo quia delectus veniam. Nulla provident beatae fugiat beatae totam. Repellendus explicabo eveniet voluptatibus aut excepturi esse ullam voluptatum. Provident at sint in delectus doloribus.','similique',13016,NULL,'1977-11-10 19:06:47','1995-05-15 05:06:31'),(33,5,33,'Et dolorem unde nemo quia officiis labore. Similique et sit ratione quisquam voluptatem officia enim. Repudiandae quia aperiam qui voluptatum at animi omnis.','laudantium',820182,NULL,'1988-10-22 09:03:19','1989-04-19 08:00:29'),(34,6,34,'Eum sunt necessitatibus quibusdam cum voluptatum. Velit temporibus quidem dolor dolorem. Eligendi dicta commodi esse labore error quod. Reprehenderit eum consequatur laborum dolorum praesentium.','praesentium',1382,NULL,'2001-06-25 03:40:29','1984-07-13 14:18:53'),(35,7,35,'Corporis illo distinctio veritatis voluptas fuga quis odit. Ut distinctio exercitationem laboriosam molestiae qui quos dolore. Autem dolor voluptatibus rerum blanditiis nesciunt sit.','numquam',430,NULL,'1974-12-28 14:30:34','1986-07-30 08:58:52'),(36,1,36,'A reprehenderit animi a ut nostrum cupiditate. Et velit architecto sint. Quis illum modi earum. Totam voluptas explicabo enim inventore doloribus saepe.','ex',62962,NULL,'1983-12-09 23:43:50','2013-07-06 12:18:41'),(37,2,37,'Ut occaecati deleniti et deserunt. Ut earum dolor nulla velit. Qui dicta facere ea sunt autem nesciunt quos.','consequatur',495,NULL,'1985-06-28 17:42:49','2000-03-05 20:00:01'),(38,3,38,'Labore aut alias qui ut aut esse. Ab eaque quis aut non at vero. Alias cum consequatur possimus dolorem totam doloribus. Quos tenetur quo doloribus tempora.','earum',12,NULL,'1989-03-29 12:31:22','1990-08-27 08:31:07'),(39,4,39,'Aut est ut porro nisi nostrum sunt aspernatur. Similique natus aut est nulla corrupti. Modi distinctio qui omnis neque quaerat. Repellendus tempore quia corrupti porro.','necessitatibus',0,NULL,'2014-04-23 00:49:37','2003-04-05 22:22:51'),(40,5,40,'Sint rem eum ut voluptas animi consectetur aut iusto. Eum rem eaque quas veniam. A dolore molestiae ducimus culpa temporibus.','debitis',26,NULL,'2019-01-31 20:59:05','1994-12-22 19:58:53'),(41,6,41,'Voluptatibus ut sit et eos. Sapiente ut nisi velit cumque quas tenetur. Aut molestiae dolorem molestiae doloremque. Officiis et placeat et provident.','illum',3006342,NULL,'1977-05-02 02:36:03','2003-03-07 06:39:56'),(42,7,42,'Magnam enim cupiditate facilis voluptatum. Fuga sit ducimus illo repellat est voluptate cum reprehenderit. Et blanditiis fugiat consequatur est. Totam perspiciatis quis nihil reiciendis iure.','voluptatem',264026,NULL,'1970-06-04 13:53:43','2002-12-04 21:44:57'),(43,1,43,'Nemo temporibus nesciunt est architecto quam dolor. Molestiae nihil ipsum cupiditate deserunt.','quisquam',5,NULL,'2008-11-04 12:24:20','2004-04-29 13:17:52'),(44,2,44,'Aliquid placeat blanditiis perferendis ipsam beatae consectetur molestiae. Et recusandae veritatis dolor. Labore ipsa incidunt repellendus debitis.','repellat',709629550,NULL,'1995-04-28 20:12:57','1988-11-17 12:36:29'),(45,3,45,'Quae unde porro distinctio sit. Non molestiae optio deleniti amet nostrum atque. Ea voluptas quam eos harum quidem debitis.','ut',0,NULL,'2004-04-01 14:55:34','1980-04-06 02:37:17'),(46,4,46,'Voluptatem exercitationem sit molestias incidunt qui sint voluptas. Quia non inventore expedita praesentium. Expedita omnis praesentium rerum expedita qui totam mollitia.','atque',5075,NULL,'1976-10-17 05:12:10','2013-10-28 16:45:08'),(47,5,47,'Deserunt eos ex voluptate quo et cum expedita. Laborum dolor cupiditate enim delectus. Voluptatem dolorem suscipit cupiditate aut dolores.','sed',73002,NULL,'1995-12-31 15:08:26','1993-08-22 23:59:54'),(48,6,48,'Qui beatae voluptatum molestiae modi nihil quos in. Est rerum harum repudiandae. Nemo aut corrupti dicta tenetur.','odit',532741,NULL,'2018-04-23 07:53:22','1973-07-31 01:05:12'),(49,7,49,'Occaecati quos quia eos dolores a eum in a. Ut fuga corporis est tempora earum repellendus. Non sint et blanditiis et soluta in voluptas. Veniam nam debitis et rerum voluptate sit.','cum',18,NULL,'1971-12-24 01:52:05','2016-09-05 03:40:33'),(50,1,50,'Vel est veniam minima ipsa. Incidunt eum asperiores rerum autem est et nesciunt. Quae impedit eum voluptatem aut ratione sunt temporibus quasi.','dolorem',195503,NULL,'1979-09-16 00:46:10','1970-04-20 02:34:41'),(51,2,51,'Repellendus totam ut nobis recusandae cumque cum blanditiis. Rerum optio repudiandae quasi. Nihil excepturi non ipsa nobis et in.','illo',89986006,NULL,'1974-07-16 20:47:02','2001-09-11 06:03:13'),(52,3,52,'Ut aliquid delectus illo quasi eligendi delectus quo. Eius accusamus explicabo deserunt magnam rerum. Quo aliquid voluptatem aspernatur est error provident dolorum explicabo. Nesciunt quo corrupti repudiandae voluptas corporis molestias ipsum.','voluptatem',0,NULL,'2008-05-20 01:16:09','1972-07-14 03:52:24'),(53,4,53,'Minima porro necessitatibus dolor tempore ullam quia quia. Porro odio est quia aliquid est. At aut nihil consequatur est accusantium a rerum. Molestiae repudiandae illum autem dolores.','sed',5053662,NULL,'1986-04-30 08:26:25','2011-06-28 11:41:55'),(54,5,54,'Eum sint magni qui et impedit sed assumenda. Repellendus et sit nam magni qui qui. Ab pariatur nihil sed tempora quia provident. Aut totam et voluptatem aliquid.','quo',51490,NULL,'2013-12-26 08:57:43','2005-11-09 16:35:53'),(55,6,55,'Et dolorum atque repellat qui nesciunt. Et quo et ut. Et ad ea debitis tempore quia.','voluptas',993866,NULL,'2021-01-06 10:34:05','1996-10-31 17:19:49'),(56,7,56,'Aut facilis excepturi repudiandae aliquid. Harum ab facilis omnis harum sed.','vel',732122,NULL,'1989-02-03 13:47:34','2020-04-03 04:59:19'),(57,1,57,'Asperiores laboriosam excepturi quis quisquam nobis non. Tempore vero consectetur aliquam dolorem voluptates voluptatem et quis.','sequi',29829,NULL,'2009-02-13 14:07:55','1976-10-19 19:58:16'),(58,2,58,'In ipsam dolor dolore ducimus corrupti. Culpa rerum voluptatem ad sint. Quaerat vero repellendus et et unde cumque deserunt.','sequi',2,NULL,'1999-08-26 11:34:44','2005-03-25 05:53:58'),(59,3,59,'Quae necessitatibus corporis nemo corporis et cumque sed ea. Dolorem nisi ratione hic reprehenderit. Saepe quos blanditiis possimus vel iste qui reprehenderit. Magni et sed soluta sed vel.','omnis',55,NULL,'2019-07-12 09:08:09','2007-07-03 01:14:44'),(60,4,60,'Qui magnam excepturi porro maxime. Et maxime sapiente ducimus quae aperiam aliquid labore. Neque libero quisquam quisquam fuga sunt. Unde maiores adipisci mollitia quia nesciunt animi.','est',5591,NULL,'2007-03-09 15:04:24','1972-12-17 18:14:39'),(61,5,61,'Assumenda eos perspiciatis quo ullam consequatur voluptas. Aut rerum laudantium nihil est voluptatum ut. Dolor libero et consequatur qui ipsam.','velit',4,NULL,'1979-07-16 16:24:53','1988-06-30 13:38:33'),(62,6,62,'Voluptas ipsa ut ratione illum consequuntur. Totam aliquid maxime excepturi commodi quod. Modi fugit et ut placeat id ipsa dolores temporibus. Officia consequatur qui quia iure numquam.','vitae',6819,NULL,'1998-06-11 18:50:41','1999-05-03 17:33:36'),(63,7,63,'Exercitationem provident voluptates architecto et qui soluta assumenda ipsa. Nemo veniam debitis beatae sed at. Ullam minima explicabo inventore quas corporis nulla.','suscipit',38334259,NULL,'2008-08-03 03:20:33','1989-07-25 06:52:43'),(64,1,64,'Saepe enim voluptatem impedit repellendus itaque. Ad et sed vitae. Ea et sed aut est aut illum officia voluptatibus.','reprehenderit',68859987,NULL,'2012-04-06 18:46:17','1993-06-02 19:57:47'),(65,2,65,'Sunt doloribus iste eum nobis quas architecto vitae. Laudantium voluptatum officiis illo quisquam. Nesciunt accusamus qui ut atque. Atque ipsa et et esse dolorum maiores aut.','dolores',686420502,NULL,'2008-10-29 18:01:35','2008-01-01 08:52:12'),(66,3,66,'Quibusdam quod voluptate libero vitae. Aut eos optio qui sed in illo dolorem.','voluptatem',74906,NULL,'2013-07-10 08:00:18','1984-09-24 14:52:05'),(67,4,67,'Sapiente in inventore quia velit. Similique rerum adipisci porro itaque est accusamus perspiciatis. Occaecati sunt et neque qui animi. Accusantium minima et placeat nisi.','culpa',90872,NULL,'1970-07-09 06:27:02','1970-02-11 17:10:34'),(68,5,68,'Ipsum blanditiis omnis alias vel corporis aliquam voluptatibus. Sit perferendis sed expedita nihil. Nam ad quia deleniti in ab delectus.','quasi',436376744,NULL,'1974-01-14 23:23:21','2017-11-10 18:33:09'),(69,6,69,'Voluptas voluptas veniam laborum quia quaerat reprehenderit. Assumenda eos quidem excepturi et et corrupti dolores quis. Nihil cum non rerum omnis odit. Sit in commodi laboriosam qui sequi recusandae. Id possimus doloribus praesentium molestiae ea.','qui',982717,NULL,'2008-09-13 02:11:50','1996-12-22 19:07:25'),(70,7,70,'Magni commodi qui rerum cupiditate autem. Itaque omnis amet aut optio eos. Error quisquam laborum consequatur et repellendus sed.','aut',820112395,NULL,'2019-11-28 16:49:04','2007-12-05 08:56:01'),(71,1,71,'Quo aliquam et velit dolores. Quis eos incidunt vel est qui. Exercitationem blanditiis dolores ipsa voluptatem error dolor. Id et et non.','molestias',4594586,NULL,'1980-05-17 10:19:26','1971-12-25 15:16:39'),(72,2,72,'Cum praesentium vel debitis et. Odit excepturi exercitationem ut vel eaque. Facilis dolor temporibus animi velit. Cumque totam libero asperiores. Est voluptatem nihil ea sunt velit veritatis qui officiis.','consequatur',30,NULL,'1976-10-20 13:06:21','2010-01-16 17:38:56'),(73,3,73,'Consequatur aut autem eveniet fugiat culpa dolor. Voluptas soluta eos error dolor dolorem sit. Adipisci magnam sapiente nisi quis odio. Mollitia vitae est ut.','praesentium',9445,NULL,'1980-01-02 01:36:22','2017-11-15 05:39:29'),(74,4,74,'Inventore sit molestiae delectus sint sed. Quibusdam adipisci incidunt nobis numquam earum qui.','consequatur',3,NULL,'1982-12-16 14:51:30','1972-06-17 04:58:59'),(75,5,75,'Voluptates pariatur quisquam sed similique facere ut animi. Perspiciatis sint sint tempore est voluptatem ducimus. Quisquam aut praesentium necessitatibus veniam quam cupiditate nulla. Quo nesciunt voluptatem debitis aut sunt exercitationem nisi.','provident',814,NULL,'1997-09-04 14:54:29','1974-02-12 19:15:10'),(76,6,76,'Dolorem dolor nam unde. Eaque velit libero enim suscipit. Exercitationem illum non enim consequatur ut.','molestiae',594,NULL,'1979-09-07 10:56:25','2017-01-05 01:18:23'),(77,7,77,'Ut aut asperiores et ad libero. Et aliquam cum ex commodi. Adipisci omnis nemo voluptatem sit deserunt officia omnis.','veniam',2501706,NULL,'2012-04-28 21:10:51','1986-01-10 18:41:32'),(78,1,78,'Ab ea et earum dolores accusamus praesentium nulla. Commodi autem et ipsum omnis. Eos consequatur optio voluptatibus accusantium quia et. Optio cupiditate repellendus est laudantium. Earum sunt blanditiis hic.','aut',0,NULL,'1991-06-12 06:08:43','2020-01-26 14:16:14'),(79,2,79,'Officia voluptas magnam veritatis odio porro a natus. Iste aperiam iusto et nihil ab aut. Eos id quo dolores. Fuga sunt dolore quas odio at voluptate dolor.','est',61426,NULL,'2003-11-26 14:22:50','1989-09-09 22:45:53'),(80,3,80,'Voluptas aut architecto aut. Unde distinctio est eos quis sed iusto sit. Dolorem eaque incidunt earum debitis quae. Cumque similique ratione at id maxime magni.','voluptates',26243,NULL,'1999-11-05 16:22:10','1981-09-30 19:36:08'),(81,4,81,'Quae quam dicta ea et blanditiis consequatur voluptate. Quaerat recusandae eligendi recusandae fugiat tenetur aut ex. Aspernatur id repellat ut et at natus itaque.','voluptatibus',6,NULL,'2017-02-17 06:56:11','1975-10-27 17:05:16'),(82,5,82,'Et libero dolorem debitis blanditiis. Quidem quas nam dolor debitis sunt non. Beatae harum commodi repellat dignissimos aspernatur voluptate autem est. Quisquam aut autem quasi et enim optio.','recusandae',427415589,NULL,'2014-03-26 00:11:10','2014-12-28 17:31:11'),(83,6,83,'Illo vel quod nemo enim qui. Quam laboriosam eligendi ducimus in. Temporibus illum aspernatur repellendus. Dolores asperiores rem delectus id pariatur distinctio rem. Molestias quos sunt vitae eius et.','aut',0,NULL,'1990-10-08 12:42:24','1992-03-20 16:01:16'),(84,7,84,'Sit optio repellendus dolorem provident officiis voluptatem soluta deleniti. Corrupti adipisci voluptas ipsam illum aut ad. Ex cupiditate distinctio ut dolor incidunt quas. Ea omnis rerum illum quam. Id reiciendis magnam veritatis minima quaerat eos maxime.','sapiente',86237,NULL,'1971-05-19 22:23:23','2012-10-02 23:56:03'),(85,1,85,'Omnis reprehenderit non nihil corrupti. Repellat ex aliquid dolorum omnis veniam. Quod ullam reiciendis et sapiente odio non eveniet dolor.','ipsa',0,NULL,'1986-02-14 05:46:30','1986-07-17 05:06:01'),(86,2,86,'Quod natus dolor odio enim dignissimos labore aut. Tenetur enim quia aut pariatur laboriosam. Porro eligendi animi deleniti tenetur ab aut dolorem. Qui placeat ratione mollitia quod dolor.','necessitatibus',5325490,NULL,'1984-02-24 03:14:13','2004-10-08 23:59:09'),(87,3,87,'Explicabo praesentium amet vero sed repellendus et quis ut. Odit pariatur ut voluptatem vel nobis quia enim. Repellat nobis dolorum et inventore velit qui. Eum numquam accusantium minus saepe quos dolores et.','sit',62164937,NULL,'2000-12-04 13:31:05','1992-02-12 13:57:18'),(88,4,88,'Quos dolorum aperiam sunt sunt omnis. Neque ea doloremque voluptatibus aspernatur officia omnis qui quibusdam. Qui qui vero aliquam reprehenderit aut necessitatibus. Nostrum nostrum pariatur excepturi delectus praesentium asperiores sunt.','voluptatem',908,NULL,'2009-03-18 15:09:47','2014-11-08 03:31:38'),(89,5,89,'Praesentium sed incidunt ipsam velit soluta aliquid minima. Occaecati dolorum necessitatibus rerum aut repellat. Nostrum quidem ad error et veniam laudantium praesentium ut. Ad velit assumenda rerum deserunt ullam placeat.','et',403413,NULL,'2008-05-05 20:03:51','2007-03-26 05:53:14'),(90,6,90,'Ab qui earum sit. Atque totam incidunt rem voluptatem illum et. Mollitia nesciunt corporis voluptatem sequi enim earum ut.','repudiandae',63833439,NULL,'2018-01-14 19:02:15','2012-05-26 13:25:16'),(91,7,91,'Eum delectus et ipsam maxime sed ipsam. Consequatur minus porro corporis voluptas ipsum qui.','porro',546525115,NULL,'2001-12-29 13:44:09','1988-12-07 23:39:13'),(92,1,92,'Quae tempore quia nemo id quaerat. Aut sequi reprehenderit ratione nobis. Dicta et velit vitae voluptatem voluptatibus repellendus. Et tempora optio sequi ut harum a sapiente.','quod',83413,NULL,'1977-10-18 07:15:40','2008-04-11 01:49:44'),(93,2,93,'Reiciendis unde vero et vel rerum. Ea consectetur nulla aut. Illum ut adipisci dolor ut quas repellendus veritatis. Laudantium eos dolor saepe officiis assumenda.','aut',883342490,NULL,'2017-04-17 08:58:17','2012-11-26 03:54:46'),(94,3,94,'Esse non dolorum occaecati aliquam velit inventore harum. Recusandae eum dolor et sed dolores. Voluptate quo non nesciunt rerum earum repellendus ab.','quas',7259,NULL,'1994-12-22 14:36:55','2007-04-19 09:49:50'),(95,4,95,'Nam aut aspernatur unde eos debitis nulla est. Qui alias quam exercitationem cumque. Nulla quia corporis ipsa.','omnis',2206447,NULL,'2004-03-05 14:57:11','1975-02-28 22:53:06'),(96,5,96,'Deserunt officia nulla hic culpa. Aut ratione saepe voluptates similique. Eius omnis esse necessitatibus porro. Molestias quisquam nam illo alias labore veniam.','non',33620352,NULL,'2015-04-14 18:57:45','2019-06-03 08:50:00'),(97,6,97,'Et pariatur autem unde architecto veniam repellat. Et inventore porro commodi et numquam pariatur. Rerum exercitationem rem aut aspernatur nihil dolore corporis. Ratione est corrupti aspernatur velit vel.','et',0,NULL,'1975-04-13 07:30:56','1977-03-01 18:31:17'),(98,7,98,'Dolorem quisquam eveniet molestiae consequuntur maxime velit. Sed iste et omnis qui ea eum labore. Alias excepturi sit dolores quia ea. Ut voluptatibus minima ad accusamus adipisci provident et.','nemo',64040411,NULL,'2010-08-23 08:20:37','2001-10-10 20:49:32'),(99,1,99,'Est nisi in similique sit dolorem optio. Deserunt distinctio sequi quisquam debitis ea. Non minima quis eos sit doloremque repudiandae enim.','possimus',5165445,NULL,'1972-06-05 01:24:24','1996-08-14 13:52:30'),(100,2,100,'Pariatur quo ea omnis molestiae rerum. Est harum nesciunt sit. Nihil eveniet eaque cum esse. Veniam nulla aut laudantium quia. Facilis sint magni corrupti unde ut et qui.','quaerat',3335428,NULL,'2003-09-30 03:40:39','2002-11-12 12:46:48');
/*!40000 ALTER TABLE `media` ENABLE KEYS */;
UNLOCK TABLES;

--
-- Table structure for table `media_types`
--

DROP TABLE IF EXISTS `media_types`;
/*!40101 SET @saved_cs_client     = @@character_set_client */;
/*!40101 SET character_set_client = utf8 */;
CREATE TABLE `media_types` (
  `id` bigint(20) unsigned NOT NULL AUTO_INCREMENT,
  `name` varchar(255) COLLATE utf8mb4_unicode_ci DEFAULT NULL,
  `created_at` datetime DEFAULT current_timestamp(),
  `updated_at` datetime DEFAULT NULL ON UPDATE current_timestamp(),
  UNIQUE KEY `id` (`id`)
) ENGINE=InnoDB AUTO_INCREMENT=8 DEFAULT CHARSET=utf8mb4 COLLATE=utf8mb4_unicode_ci;
/*!40101 SET character_set_client = @saved_cs_client */;

--
-- Dumping data for table `media_types`
--

LOCK TABLES `media_types` WRITE;
/*!40000 ALTER TABLE `media_types` DISABLE KEYS */;
INSERT INTO `media_types` VALUES (1,'debitis','1988-06-21 23:55:12','1977-08-29 00:50:15'),(2,'repellat','2010-10-11 08:10:12','2013-01-06 23:48:35'),(3,'ut','1981-01-03 04:56:14','1970-06-30 01:15:18'),(4,'facilis','2009-07-23 03:13:58','2014-06-19 02:24:50'),(5,'recusandae','2020-07-09 00:25:56','2010-07-05 16:36:07'),(6,'est','2017-08-30 01:14:25','1974-09-28 06:02:01'),(7,'exercitationem','2016-09-12 14:23:31','1991-11-10 07:52:40');
/*!40000 ALTER TABLE `media_types` ENABLE KEYS */;
UNLOCK TABLES;

--
-- Table structure for table `messages`
--

DROP TABLE IF EXISTS `messages`;
/*!40101 SET @saved_cs_client     = @@character_set_client */;
/*!40101 SET character_set_client = utf8 */;
CREATE TABLE `messages` (
  `id` bigint(20) unsigned NOT NULL AUTO_INCREMENT,
  `from_user_id` bigint(20) unsigned NOT NULL,
  `to_user_id` bigint(20) unsigned NOT NULL,
  `body` text COLLATE utf8mb4_unicode_ci DEFAULT NULL,
  `created_at` datetime DEFAULT current_timestamp(),
  UNIQUE KEY `id` (`id`),
  KEY `from_user_id` (`from_user_id`),
  KEY `to_user_id` (`to_user_id`),
  CONSTRAINT `messages_ibfk_1` FOREIGN KEY (`from_user_id`) REFERENCES `users` (`id`),
  CONSTRAINT `messages_ibfk_2` FOREIGN KEY (`to_user_id`) REFERENCES `users` (`id`)
) ENGINE=InnoDB AUTO_INCREMENT=101 DEFAULT CHARSET=utf8mb4 COLLATE=utf8mb4_unicode_ci;
/*!40101 SET character_set_client = @saved_cs_client */;

--
-- Dumping data for table `messages`
--

LOCK TABLES `messages` WRITE;
/*!40000 ALTER TABLE `messages` DISABLE KEYS */;
INSERT INTO `messages` VALUES (1,1,1,'Tempore aut dolores dolor aspernatur enim. Corporis veniam labore exercitationem ex asperiores qui in. Esse eius voluptate qui numquam.','1986-01-08 18:43:46'),(2,2,2,'Sit aliquam est eos alias accusantium. Quaerat alias et et temporibus perspiciatis odit voluptate. Aspernatur nobis libero est aut aut.','1999-12-28 15:01:05'),(3,3,3,'Voluptas in eaque sit neque consectetur quia corrupti excepturi. Magni ut voluptatum et maxime numquam est eligendi. Tempore atque eos culpa qui accusantium fugit occaecati suscipit.','1992-10-06 14:14:01'),(4,4,4,'Minima quis nulla dignissimos voluptatem ut debitis. Saepe minus eum aspernatur nihil repudiandae eos. Et possimus laudantium dolor deleniti. Consequatur voluptatibus laborum sed molestiae qui inventore.','2028-09-23 15:52:04'),(5,5,5,'Debitis quidem doloribus sed doloremque quam. Impedit animi nisi aut repellendus unde voluptatum. Reprehenderit qui ab magni repudiandae. Dolores quis corporis incidunt quo odio.','2024-09-04 23:57:07'),(6,6,6,'Et quo illum dolores dolores. Corporis sed id eum maxime necessitatibus dolores neque omnis. Enim eaque quia amet neque consequatur perferendis.','1985-11-03 10:19:29'),(7,7,7,'Occaecati qui veniam ut odit laborum at voluptatem. Ea aut consequatur est voluptatem ut perferendis. Et repellat et impedit cumque. Ab corrupti illum dolorem reiciendis sint.','1994-02-06 06:53:25'),(8,8,8,'Aut quaerat ipsa velit ut magni architecto eaque. Autem sed qui sit rerum doloribus soluta. Aut vitae consectetur aut impedit veritatis officia ad.','1984-02-05 08:37:49'),(9,9,9,'Est ex accusantium consequatur voluptas. Harum quo in exercitationem maiores vel voluptates. Qui sit consequatur dolore saepe est dolorem libero.','2006-05-29 23:14:15'),(10,10,10,'Atque modi sed nihil sit. Rerum aut consequatur et voluptatem a. Omnis reprehenderit eos maiores voluptate incidunt dolores. Ea deserunt rerum est ut quod autem.','2011-06-01 17:37:20'),(11,11,11,'Est incidunt aut qui ex eum. Omnis voluptatibus quos cumque sed.','1972-02-19 16:26:22'),(12,12,12,'Autem suscipit iusto error temporibus quam ut et deserunt. Et id et dolores eum magnam sit. Quia sit debitis dicta aut.','1981-03-17 15:53:44'),(13,13,13,'Provident hic similique facere. Est ab voluptatem et qui et. Voluptate debitis laudantium aspernatur enim natus nostrum ad. Mollitia est delectus sunt et qui nostrum nihil eos.','1999-05-08 03:40:03'),(14,14,14,'Qui doloremque nulla quisquam ipsum nihil totam necessitatibus. Sit non non voluptatem dolor commodi sunt doloremque enim. Distinctio eius nemo amet debitis aut eius. Ea et minus distinctio corrupti.','2006-11-19 22:44:03'),(15,15,15,'Dicta earum inventore aliquid saepe necessitatibus. Suscipit expedita quia sed qui iure rerum. Voluptas sapiente corrupti a magni maiores.','1985-12-22 02:07:35'),(16,16,16,'Molestias maiores quibusdam iusto id. Qui sint velit et reiciendis nisi fuga ut consectetur. Sunt eligendi vel in labore.','1983-06-07 20:07:00'),(17,17,17,'Consequuntur enim provident rerum eos tempore. Architecto et qui cupiditate ad sed. Fugiat quae illum et voluptatem nobis exercitationem aut voluptatibus. Rerum minus velit a autem distinctio.','1998-06-02 15:55:28'),(18,18,18,'Omnis natus ea amet officiis quasi est. Sunt maiores quis voluptatem sequi ratione autem possimus sit. Nobis similique molestias quia doloribus. Impedit quam dolores ad et temporibus fugit.','1990-06-02 03:48:26'),(19,19,19,'Porro consequatur culpa soluta rerum. Unde nesciunt molestiae vero adipisci sit rerum. Officia veniam perferendis excepturi similique molestias corporis.','1987-05-19 16:50:39'),(20,20,20,'Qui nobis reprehenderit fugit officia quaerat ut. Omnis est nam sunt aut reprehenderit consectetur. Voluptas officia et sed est amet iure illum quisquam. Saepe similique repellat voluptates.','1977-12-01 07:06:10'),(21,21,21,'Repudiandae iusto numquam reprehenderit quis aliquid quod. Quam dolorem unde autem provident ratione. A non iusto et aut beatae.','2016-12-14 10:54:28'),(22,22,22,'Ducimus ullam voluptas commodi et cupiditate adipisci. Mollitia autem tempore sint omnis a. A rerum odio fuga adipisci sed. Veritatis inventore numquam non dolore quod voluptas magnam.','1994-03-12 21:39:48'),(23,23,23,'Libero error soluta dolorem consectetur recusandae. Qui id sed ea soluta voluptas. Nisi error asperiores et optio.','2000-09-03 06:02:04'),(24,24,24,'Veniam reiciendis expedita reiciendis ratione. Sit iusto quibusdam et. Et qui et facilis unde.','2014-12-11 02:20:00'),(25,25,25,'Aliquam assumenda enim esse quia sed. Et libero sit dolores maiores neque delectus. Sed recusandae porro inventore voluptatibus. Hic est non aut alias.','1974-05-05 10:32:13'),(26,26,26,'Laboriosam quia et nihil voluptatem doloremque. Sint sequi ad illo eligendi in aut. Dolorem corporis et explicabo esse. Id quam iusto est et.','2013-10-17 09:35:59'),(27,27,27,'Dolores vero labore in. Corrupti qui voluptatem odit dolorem ea distinctio. Ullam voluptatem aut repellat perferendis et esse vitae qui. Atque iste cum debitis omnis dolore.','2015-05-03 05:09:40'),(28,28,28,'Dignissimos totam impedit fugit commodi aliquid voluptate. Doloribus porro expedita ab ut. Pariatur voluptatem voluptatem quo eos est nobis. Architecto reiciendis et ut laboriosam ut.','2003-02-11 09:58:39'),(29,29,29,'Harum et rerum a laudantium et. Voluptas sequi provident blanditiis repellat. Dolores et aut enim quia dolor quia ducimus. Reiciendis eos minus voluptates amet incidunt quaerat.','2014-07-27 15:34:32'),(30,30,30,'Libero in magni facilis et maiores. Totam fugiat qui ut et animi. Dolores facere alias est beatae laboriosam molestiae. Sunt eveniet aliquam quos omnis molestiae tenetur consequatur.','2016-06-25 10:00:05'),(31,31,31,'Sit quia aliquid culpa harum nobis. Sunt sunt saepe rem consectetur consequuntur velit. Aut molestiae eos nulla totam quam. Voluptates et ut voluptas laudantium.','1998-02-04 06:27:08'),(32,32,32,'Dolor voluptatibus est est provident porro quia odit. Ut et totam voluptas sed sunt dolorem et. Aspernatur non voluptatem praesentium.','1989-11-11 05:01:51'),(33,33,33,'Reprehenderit necessitatibus commodi eos ipsa quia eum minima. Ullam earum distinctio ad deleniti velit.','1985-10-04 02:12:37'),(34,34,34,'Ducimus odit aspernatur et beatae aut cupiditate. Omnis culpa iusto ut impedit. Aspernatur officia sed modi iste fuga fugiat reprehenderit. Voluptatibus enim sequi sit perspiciatis libero voluptas debitis.','1997-04-30 00:59:13'),(35,35,35,'Harum exercitationem perspiciatis et. Facilis quo quis culpa quibusdam est magni. Sunt ratione harum et eligendi omnis iure alias.','1972-09-21 00:52:19'),(36,36,36,'Dolorem inventore aliquam explicabo nihil consequuntur iste. Reprehenderit animi delectus id facere rerum consequatur.','1976-01-02 15:48:10'),(37,37,37,'Quaerat repellendus est aspernatur a. Odio laboriosam sapiente ratione illum. Qui deleniti totam laborum voluptatem tenetur maxime maxime. Fugiat sit facere est quod consectetur numquam consequuntur.','1992-08-23 04:37:29'),(38,38,38,'Ipsam alias delectus repellat ratione eaque ut est consectetur. Nobis quas quod similique quas autem ut. Placeat recusandae at qui rerum nesciunt asperiores.','1972-10-08 04:19:08'),(39,39,39,'Suscipit rerum illum tempore doloribus beatae est quas. Necessitatibus aut in dolores vel non cum excepturi. Totam sequi quia necessitatibus eaque commodi nihil. Dicta reprehenderit quisquam quia inventore veritatis neque.','1982-03-20 10:27:04'),(40,40,40,'Corporis sint quas unde tempore cumque aut. Neque quo non aliquid adipisci tenetur ut. Dolores amet velit delectus recusandae fugit. Recusandae facere sint quos eum nam.','1994-09-08 21:50:50'),(41,41,41,'Ea sit molestiae ut saepe iste itaque. Eum ipsum repudiandae sapiente nihil vel non. Ut magni aspernatur quia est quasi praesentium.','1998-03-15 17:40:02'),(42,42,42,'Cumque fugit assumenda quis odio aut hic. Veritatis et perferendis quod cupiditate in cupiditate. Sapiente ullam fugiat quaerat dolorem quia magnam.','1999-12-08 02:29:00'),(43,43,43,'Eum voluptates facilis similique quae quaerat. Autem porro omnis quisquam. Aliquam explicabo sit molestiae architecto accusamus quas sed. Sit aut incidunt saepe et esse.','2009-06-15 18:27:30'),(44,44,44,'Nesciunt et optio veritatis rerum vitae eos ab. Ad vel suscipit eos eligendi et. Eligendi omnis et corporis sit consequatur ea possimus. Necessitatibus blanditiis natus odio odio.','1984-08-21 18:48:26'),(45,45,45,'Perferendis porro possimus voluptate doloribus quia reiciendis. Aut autem voluptatum neque expedita tempora est. Expedita nihil impedit itaque iure dicta.','2013-10-15 07:32:58'),(46,46,46,'Voluptatibus quas sed id nihil. Asperiores qui porro quia. Aut pariatur amet est saepe odio.','1997-12-29 03:25:23'),(47,47,47,'Deleniti aut ratione dicta commodi assumenda praesentium numquam. Non exercitationem et et laborum similique qui aspernatur rerum. Quia soluta et eos maiores.','1994-11-11 15:27:02'),(48,48,48,'Quas voluptatem voluptate quasi sapiente quae a. Labore reiciendis et rerum impedit aperiam et. Et sed provident architecto.','1975-05-20 17:16:00'),(49,49,49,'Laboriosam dolorem cum velit voluptatem non. Rem ipsum debitis enim culpa autem. Est unde consequatur optio rem. Voluptas itaque doloremque nesciunt ut et.','1972-07-03 17:15:01'),(50,50,50,'Iure temporibus et placeat similique molestiae explicabo saepe quia. Aut enim sit cum autem laboriosam culpa et. Qui iusto veritatis quae fugiat. Qui atque ut doloremque perspiciatis deleniti possimus aut.','2008-05-16 05:15:27'),(51,51,51,'Error voluptas libero quod et temporibus adipisci. Est et dolor quia velit vel. Ut inventore quam esse velit sed. Dolores eius quidem qui neque omnis.','1983-01-25 14:53:34'),(52,52,52,'Quis reprehenderit quia voluptatem quae veritatis vitae deserunt. Atque aut quidem adipisci necessitatibus non minus. Et neque hic ut id neque non ad quia.','1997-09-30 12:49:21'),(53,53,53,'Ut voluptas excepturi nulla quis consequuntur. Qui nesciunt qui ut qui ea libero. Tempore sint dolorum ea dignissimos sed.','2007-03-27 21:36:52'),(54,54,54,'Quia reprehenderit aut cum voluptas nihil distinctio quia. Iure autem non omnis est. Laboriosam et eius voluptas sint sint at. Placeat itaque distinctio ab dolores id possimus.','1973-04-02 01:26:59'),(55,55,55,'Quas ipsum quis sunt. Repudiandae aliquam culpa error aut. Nihil perferendis vel nisi. Labore animi occaecati praesentium id quo sit et.','1982-12-29 15:07:22'),(56,56,56,'Doloremque qui dicta ex voluptas placeat. Et animi ratione harum. Consequatur consequatur ut praesentium et nobis cupiditate. Iure assumenda animi nobis esse animi. Quam neque odit rerum et sapiente harum nulla.','1999-06-22 03:33:02'),(57,57,57,'Sed culpa maxime eum qui non. Iusto ab impedit voluptatum in illum. Asperiores vel aut rerum rerum id harum perferendis. Omnis perferendis dignissimos a molestias.','1974-03-05 22:51:47'),(58,58,58,'Non laudantium cupiditate ut voluptas. Consequatur dignissimos placeat et deleniti a. Quam rerum reprehenderit facere.','1999-12-06 17:05:48'),(59,59,59,'Ipsam quas sed nam expedita. Beatae dolore velit aperiam at corporis enim nulla. Voluptate in quibusdam asperiores voluptatibus aliquam sunt. Perferendis ipsa aut atque maxime autem aut.','1982-12-23 10:54:49'),(60,60,60,'Qui in sint tempore ipsum. Et non ut assumenda. Non et ea dignissimos fugiat et a. Voluptatem quidem in perspiciatis qui ipsa.','1972-03-17 00:57:10'),(61,61,61,'Pariatur reprehenderit consequatur esse. Vel debitis sequi corporis occaecati. Sit rerum minus omnis.','2010-09-17 16:20:59'),(62,62,62,'Rerum commodi perferendis rerum deserunt maiores omnis. Alias laborum et molestiae at tenetur. Maiores nemo earum expedita pariatur doloribus sit animi dolorem. Illo ipsam rerum suscipit omnis aut aut voluptate.','2009-02-22 13:06:26'),(63,63,63,'Quia enim eaque consequatur occaecati. Quaerat odit aut occaecati est minus molestiae animi. Eos aut temporibus fugiat recusandae aliquid. Mollitia qui quibusdam doloremque qui culpa est reprehenderit.','2005-09-10 07:00:32'),(64,64,64,'Iure vel sit porro est in pariatur. Et voluptas nam labore quaerat blanditiis repellat expedita. Qui consequatur voluptas impedit. Aut eum excepturi accusamus quis maiores sed. Mollitia quis molestias reprehenderit et et ex quia.','2016-03-18 18:18:19'),(65,65,65,'Non quibusdam nisi quam cupiditate pariatur at omnis. Et eaque cumque ipsam enim. Eos beatae molestias repudiandae ipsa dolor.','2020-08-08 01:46:32'),(66,66,66,'Vel autem est officia debitis. Occaecati alias perspiciatis molestias itaque reiciendis. Ipsa inventore dignissimos exercitationem fuga iste omnis debitis explicabo. Error est perferendis commodi minus modi sapiente.','2017-10-17 06:33:24'),(67,67,67,'Recusandae excepturi dolorem saepe dolores ullam. Eaque ipsum a illo occaecati excepturi. Cumque ipsam porro quis provident vel vitae cupiditate enim. Accusantium autem unde at eos aliquid molestias voluptates.','2013-06-03 13:23:57'),(68,68,68,'Voluptate dignissimos provident sed unde et. Ut illum consequuntur inventore ut quam illum veritatis qui. Ipsum ut recusandae cupiditate quisquam voluptatem labore animi.','1983-12-23 11:24:09'),(69,69,69,'Rerum neque aut velit quidem. Eum quis ut hic sequi molestiae vero. Ea est quia sint voluptates sit. Ut inventore sit corrupti esse quia et quo. Omnis qui iusto enim qui cumque.','1995-07-29 03:00:55'),(70,70,70,'Accusamus odit voluptatibus eum sit pariatur repellat qui. Hic architecto doloribus nisi qui. Officia sed ut repellat ut est sunt. Libero autem officiis eligendi culpa.','2018-11-23 05:10:40'),(71,71,71,'Enim beatae debitis non tempore dolore aut in. Quisquam voluptatem doloremque est quo quidem. Hic exercitationem beatae in quidem autem vero cum omnis.','2013-02-09 06:07:45'),(72,72,72,'Atque fugit est quaerat a quia. Non et aperiam eligendi sunt architecto. Mollitia qui illum laborum ratione et quia.','1989-03-13 01:58:59'),(73,73,73,'Ea nihil iusto aut hic. Animi fugiat sunt tenetur magnam molestias doloremque. Harum ut temporibus tempore excepturi quia.','1981-11-30 17:02:08'),(74,74,74,'Minus voluptates porro quidem enim quos minima hic harum. Et in sit qui earum similique eveniet. Odit aut ipsa id qui porro. Rerum molestiae sit eius velit et.','1991-09-19 11:10:57'),(75,75,75,'Totam eos illo quo repellat id nisi. Tempora voluptatibus provident ea nisi. Et facilis voluptas suscipit dolor. Ab amet et eum at asperiores et voluptates ea.','1997-05-24 08:59:05'),(76,76,76,'Temporibus quibusdam occaecati ipsum expedita. Minus qui veniam ad quisquam. Occaecati consequatur sed est non est rerum tenetur. Soluta hic accusamus tempora labore natus. Voluptas molestias quo blanditiis consequatur odio voluptates eum.','2003-11-22 23:02:30'),(77,77,77,'Cumque nisi nisi nulla molestias tenetur et magni sed. Reprehenderit omnis rem numquam facilis quasi sed dolore. Qui ipsum sequi nulla aspernatur.','1982-09-25 08:35:18'),(78,78,78,'Dolore et aut cumque et. Qui dignissimos repellendus quo et dolore adipisci ducimus. Culpa ipsa ut rerum ratione harum.','1970-05-14 10:21:10'),(79,79,79,'Possimus aut ea ut aut accusantium laborum maxime. Aliquam ea aliquam et inventore labore. Corporis eum officiis quia unde recusandae et. Quia sed molestiae corporis consectetur est itaque.','2008-12-07 02:59:47'),(80,80,80,'Est voluptas quia cupiditate quia vel repellat et. Non dolorem est placeat sequi veniam labore in. Excepturi id quasi impedit placeat consequatur. Qui voluptatibus et error ea sed odio in.','1972-12-21 01:03:52'),(81,81,81,'Quas autem corporis et dolorem tempore iusto alias. Quo voluptatem voluptates amet voluptatem. Odit exercitationem exercitationem occaecati quas pariatur suscipit. Natus consequatur odio necessitatibus exercitationem asperiores consequatur.','1972-09-19 21:22:29'),(82,82,82,'Quibusdam aliquam beatae adipisci minima minima architecto et delectus. Eos et molestias ab porro nemo rerum est. Accusamus explicabo ea rerum sunt.','1973-05-20 09:52:09'),(83,83,83,'Et rerum deserunt et error. Hic beatae error qui veniam. Excepturi mollitia ullam voluptatem enim molestias. Consequatur perferendis consectetur perferendis architecto odio sunt quod qui.','2007-08-15 09:54:37'),(84,84,84,'Ut sapiente architecto nobis fuga accusantium. Eos omnis similique nisi fugiat non ad adipisci. Provident quo vitae quo molestiae vel omnis.','2021-02-21 02:00:31'),(85,85,85,'Tempore ipsam placeat aut non aut. Quae fuga aperiam sit aut dolores. Eius unde consectetur id dolores. Ut reprehenderit harum est aut quae nobis.','1988-11-02 19:31:50'),(86,86,86,'Vel omnis et tempora quisquam ut quia sequi voluptas. Velit magni nulla deserunt molestiae qui error architecto. Dolor culpa dolores soluta eum ut quod quia. Et quos voluptate nemo voluptas laudantium. Velit provident et id et unde.','1992-03-22 17:20:29'),(87,87,87,'Aspernatur sit blanditiis ea quasi error enim vel. Ab assumenda unde deleniti alias aspernatur quo. Laborum similique laboriosam nihil vel. Nemo repellendus suscipit magnam.','1977-04-15 11:18:57'),(88,88,88,'Necessitatibus assumenda velit eveniet alias. Rerum et earum molestiae dolor. Ex velit dicta id est molestiae.','1974-12-08 14:41:11'),(89,89,89,'Ipsa laborum eligendi exercitationem et. Tenetur cupiditate maiores fugiat. Consequatur eligendi nam nemo quas molestiae qui earum. Sequi sed quo molestias enim consequatur ipsa sed. Aut sit ullam blanditiis rerum accusamus.','2016-07-21 14:05:25'),(90,90,90,'Sed velit molestiae debitis dolor. Ipsa tenetur aut et. Placeat vel animi tempore aliquid provident dolores sit.','1992-11-21 07:12:45'),(91,91,91,'Eum fuga pariatur a sapiente. Minima odio officiis adipisci saepe. Libero sed sequi reiciendis praesentium aut officia. Mollitia eos quo ut repellat velit nam earum tempora. Magnam voluptas sit aut sit totam.','1982-11-17 09:54:27'),(92,92,92,'Qui illum quidem architecto voluptatibus maiores. Illo impedit blanditiis ut. Ipsa et quas nulla illo occaecati eius aspernatur. Qui vero esse qui.','1985-01-13 21:04:54'),(93,93,93,'Autem totam praesentium eum consequuntur aperiam cum enim. Corporis eveniet itaque eos doloribus. Rerum suscipit id dignissimos hic quidem ex.','2001-09-27 06:52:20'),(94,94,94,'Quae id saepe et repellendus et. Exercitationem id voluptatibus voluptatum velit. Nobis qui repudiandae quos eveniet ut quo cum enim.','1982-06-22 10:53:17'),(95,95,95,'Itaque facere non quia odio et nihil sit dicta. Cupiditate nulla porro ut consequatur. Nisi est soluta quidem dolorem sit. Dignissimos veritatis sint non consequatur ad ex minus.','1989-02-27 06:36:26'),(96,96,96,'Necessitatibus corrupti non et quis omnis quis. Est cum tempore explicabo quidem aperiam omnis. Expedita quas eum et assumenda deleniti. Nam voluptas dolore sunt culpa.','1991-10-19 17:45:39'),(97,97,97,'Quos veniam molestias odio est. Qui sunt esse commodi perspiciatis sunt in illum. Quidem officiis voluptate officia ut.','2013-08-01 14:21:56'),(98,98,98,'Occaecati tempora non magni cum. A pariatur unde quod ipsam consequatur eos. Laboriosam perferendis laborum facilis cum sed quis. Aliquam sint aut quae mollitia vel sint.','1982-09-02 22:39:52'),(99,99,99,'Cum consequatur commodi magnam et. Cupiditate totam quasi temporibus odit tempora nihil libero. Ab non quas autem magni illum aut non similique. Nam nemo delectus occaecati enim molestiae consequuntur voluptatem. Et animi ipsam quibusdam eaque fugiat commodi iste.','1986-09-17 15:12:00'),(100,100,100,'Cumque numquam nisi est praesentium fuga. Ipsa cumque ut et consequuntur ut. Ea quia facere quaerat et facilis voluptatibus. Quod ea repellat ut deserunt.','2016-06-25 13:40:07');
/*!40000 ALTER TABLE `messages` ENABLE KEYS */;
UNLOCK TABLES;

--
-- Table structure for table `photo_albums`
--

DROP TABLE IF EXISTS `photo_albums`;
/*!40101 SET @saved_cs_client     = @@character_set_client */;
/*!40101 SET character_set_client = utf8 */;
CREATE TABLE `photo_albums` (
  `id` bigint(20) unsigned NOT NULL AUTO_INCREMENT,
  `name` varchar(255) COLLATE utf8mb4_unicode_ci DEFAULT NULL,
  `user_id` bigint(20) unsigned DEFAULT NULL,
  PRIMARY KEY (`id`),
  UNIQUE KEY `id` (`id`),
  KEY `user_id` (`user_id`),
  CONSTRAINT `photo_albums_ibfk_1` FOREIGN KEY (`user_id`) REFERENCES `users` (`id`)
) ENGINE=InnoDB AUTO_INCREMENT=101 DEFAULT CHARSET=utf8mb4 COLLATE=utf8mb4_unicode_ci;
/*!40101 SET character_set_client = @saved_cs_client */;

--
-- Dumping data for table `photo_albums`
--

LOCK TABLES `photo_albums` WRITE;
/*!40000 ALTER TABLE `photo_albums` DISABLE KEYS */;
INSERT INTO `photo_albums` VALUES (1,'aut',1),(2,'fugiat',2),(3,'eos',3),(4,'quae',4),(5,'delectus',5),(6,'aspernatur',6),(7,'natus',7),(8,'tempore',8),(9,'repudiandae',9),(10,'nam',10),(11,'voluptas',11),(12,'nostrum',12),(13,'nemo',13),(14,'et',14),(15,'molestias',15),(16,'suscipit',16),(17,'omnis',17),(18,'quasi',18),(19,'dolorum',19),(20,'vero',20),(21,'voluptatum',21),(22,'totam',22),(23,'rerum',23),(24,'est',24),(25,'dolorum',25),(26,'eveniet',26),(27,'nihil',27),(28,'ipsam',28),(29,'perspiciatis',29),(30,'aspernatur',30),(31,'et',31),(32,'ut',32),(33,'et',33),(34,'odit',34),(35,'voluptates',35),(36,'recusandae',36),(37,'beatae',37),(38,'fugit',38),(39,'et',39),(40,'est',40),(41,'voluptate',41),(42,'labore',42),(43,'ut',43),(44,'debitis',44),(45,'et',45),(46,'fuga',46),(47,'sint',47),(48,'enim',48),(49,'voluptatem',49),(50,'quae',50),(51,'pariatur',51),(52,'sunt',52),(53,'voluptatem',53),(54,'ab',54),(55,'earum',55),(56,'dolore',56),(57,'beatae',57),(58,'porro',58),(59,'officia',59),(60,'occaecati',60),(61,'cum',61),(62,'totam',62),(63,'earum',63),(64,'velit',64),(65,'est',65),(66,'et',66),(67,'non',67),(68,'aliquam',68),(69,'impedit',69),(70,'et',70),(71,'adipisci',71),(72,'vel',72),(73,'non',73),(74,'nam',74),(75,'at',75),(76,'et',76),(77,'accusantium',77),(78,'aliquid',78),(79,'magnam',79),(80,'est',80),(81,'et',81),(82,'natus',82),(83,'ipsum',83),(84,'in',84),(85,'est',85),(86,'aliquid',86),(87,'quia',87),(88,'et',88),(89,'tempore',89),(90,'et',90),(91,'dolore',91),(92,'et',92),(93,'reprehenderit',93),(94,'et',94),(95,'qui',95),(96,'tempora',96),(97,'eius',97),(98,'distinctio',98),(99,'reprehenderit',99),(100,'laudantium',100);
/*!40000 ALTER TABLE `photo_albums` ENABLE KEYS */;
UNLOCK TABLES;

--
-- Table structure for table `photos`
--

DROP TABLE IF EXISTS `photos`;
/*!40101 SET @saved_cs_client     = @@character_set_client */;
/*!40101 SET character_set_client = utf8 */;
CREATE TABLE `photos` (
  `id` bigint(20) unsigned NOT NULL AUTO_INCREMENT,
  `album_id` bigint(20) unsigned DEFAULT NULL,
  `media_id` bigint(20) unsigned NOT NULL,
  UNIQUE KEY `id` (`id`),
  KEY `album_id` (`album_id`),
  KEY `media_id` (`media_id`),
  CONSTRAINT `photos_ibfk_1` FOREIGN KEY (`album_id`) REFERENCES `photo_albums` (`id`),
  CONSTRAINT `photos_ibfk_2` FOREIGN KEY (`media_id`) REFERENCES `media` (`id`)
) ENGINE=InnoDB AUTO_INCREMENT=101 DEFAULT CHARSET=utf8mb4 COLLATE=utf8mb4_unicode_ci;
/*!40101 SET character_set_client = @saved_cs_client */;

--
-- Dumping data for table `photos`
--

LOCK TABLES `photos` WRITE;
/*!40000 ALTER TABLE `photos` DISABLE KEYS */;
INSERT INTO `photos` VALUES (1,1,1),(2,2,2),(3,3,3),(4,4,4),(5,5,5),(6,6,6),(7,7,7),(8,8,8),(9,9,9),(10,10,10),(11,11,11),(12,12,12),(13,13,13),(14,14,14),(15,15,15),(16,16,16),(17,17,17),(18,18,18),(19,19,19),(20,20,20),(21,21,21),(22,22,22),(23,23,23),(24,24,24),(25,25,25),(26,26,26),(27,27,27),(28,28,28),(29,29,29),(30,30,30),(31,31,31),(32,32,32),(33,33,33),(34,34,34),(35,35,35),(36,36,36),(37,37,37),(38,38,38),(39,39,39),(40,40,40),(41,41,41),(42,42,42),(43,43,43),(44,44,44),(45,45,45),(46,46,46),(47,47,47),(48,48,48),(49,49,49),(50,50,50),(51,51,51),(52,52,52),(53,53,53),(54,54,54),(55,55,55),(56,56,56),(57,57,57),(58,58,58),(59,59,59),(60,60,60),(61,61,61),(62,62,62),(63,63,63),(64,64,64),(65,65,65),(66,66,66),(67,67,67),(68,68,68),(69,69,69),(70,70,70),(71,71,71),(72,72,72),(73,73,73),(74,74,74),(75,75,75),(76,76,76),(77,77,77),(78,78,78),(79,79,79),(80,80,80),(81,81,81),(82,82,82),(83,83,83),(84,84,84),(85,85,85),(86,86,86),(87,87,87),(88,88,88),(89,89,89),(90,90,90),(91,91,91),(92,92,92),(93,93,93),(94,94,94),(95,95,95),(96,96,96),(97,97,97),(98,98,98),(99,99,99),(100,100,100);
/*!40000 ALTER TABLE `photos` ENABLE KEYS */;
UNLOCK TABLES;

--
-- Table structure for table `profiles`
--

DROP TABLE IF EXISTS `profiles`;
/*!40101 SET @saved_cs_client     = @@character_set_client */;
/*!40101 SET character_set_client = utf8 */;
CREATE TABLE `profiles` (
  `user_id` bigint(20) unsigned NOT NULL,
  `gender` char(1) COLLATE utf8mb4_unicode_ci DEFAULT NULL,
  `birthday` date DEFAULT NULL,
  `photo_id` bigint(20) unsigned DEFAULT NULL,
  `created_at` datetime DEFAULT current_timestamp(),
  `hometown_id` bigint(20) unsigned DEFAULT NULL,
  UNIQUE KEY `user_id` (`user_id`),
  CONSTRAINT `fk_user_id` FOREIGN KEY (`user_id`) REFERENCES `users` (`id`) ON DELETE NO ACTION ON UPDATE CASCADE
) ENGINE=InnoDB DEFAULT CHARSET=utf8mb4 COLLATE=utf8mb4_unicode_ci;
/*!40101 SET character_set_client = @saved_cs_client */;

--
-- Dumping data for table `profiles`
--

LOCK TABLES `profiles` WRITE;
/*!40000 ALTER TABLE `profiles` DISABLE KEYS */;
INSERT INTO `profiles` VALUES (1,'1','1988-07-15',1,'1979-02-02 14:21:44',1),(2,'1','1986-09-20',2,'1973-10-30 02:01:10',2),(3,'2','1988-11-25',3,'1983-06-30 22:42:50',3),(4,'1','2018-03-27',4,'2013-02-23 23:11:58',4),(5,'2','2006-01-30',5,'1991-01-06 09:46:38',5),(6,'1','1996-05-24',6,'1980-05-05 06:07:16',6),(7,'2','1987-08-11',7,'2015-10-23 05:32:47',7),(8,'1','1988-03-04',8,'1979-04-03 19:30:02',8),(9,'1','1994-06-18',9,'2014-06-29 19:07:10',9),(10,'2','2017-06-03',10,'2008-12-21 17:18:54',10),(11,'1','1983-10-24',11,'1986-06-05 12:57:56',11),(12,'2','1979-06-28',12,'1997-06-21 15:38:33',12),(13,'1','1983-05-16',13,'2009-01-31 10:28:22',13),(14,'1','2019-10-23',14,'2008-09-05 21:35:50',14),(15,'2','1984-10-10',15,'2017-07-22 07:39:29',15),(16,'1','2006-12-26',16,'2018-08-21 10:12:22',16),(17,'2','2017-08-06',17,'1987-07-20 14:59:44',17),(18,'1','1979-03-27',18,'2020-09-15 02:15:03',18),(19,'1','2014-06-08',19,'2018-07-22 19:18:51',19),(20,'1','2006-10-13',20,'1975-04-12 23:27:14',20),(21,'1','1998-06-22',21,'1979-02-27 19:24:28',1),(22,'1','1997-06-20',22,'2017-01-29 22:09:43',2),(23,'2','1977-07-02',23,'1995-10-27 15:06:27',3),(24,'1','2018-12-10',24,'2014-06-18 22:16:45',4),(25,'1','2016-02-24',25,'1977-03-25 14:13:02',5),(26,'1','1994-02-20',26,'2007-08-25 05:26:46',6),(27,'2','2014-02-10',27,'2014-09-29 02:25:51',7),(28,'2','2008-02-09',28,'2016-11-30 11:18:49',8),(29,'1','2004-10-15',29,'2019-05-20 00:33:45',9),(30,'2','2017-07-08',30,'1999-01-01 00:19:17',10),(31,'1','2015-11-06',31,'1993-11-05 14:44:04',11),(32,'2','1991-02-26',32,'2015-05-12 11:34:14',12),(33,'1','1990-12-12',33,'2006-11-02 14:09:43',13),(34,'1','1971-12-05',34,'2011-11-06 21:30:00',14),(35,'1','1997-02-05',35,'1972-01-06 20:17:47',15),(36,'1','2002-12-06',36,'2005-07-11 03:26:41',16),(37,'1','1977-05-04',37,'1984-06-18 12:17:15',17),(38,'1','2006-10-28',38,'1975-04-20 14:36:57',18),(39,'2','1976-04-05',39,'1976-07-30 05:38:40',19),(40,'2','2001-08-09',40,'1973-07-14 08:52:57',20),(41,'1','2000-08-11',41,'1988-08-28 16:11:49',1),(42,'1','2005-05-09',42,'2020-04-23 20:34:54',2),(43,'1','1979-08-04',43,'2006-11-23 05:16:53',3),(44,'1','2019-11-28',44,'1995-09-23 12:45:02',4),(45,'1','1979-10-14',45,'2003-08-23 13:35:54',5),(46,'1','1998-04-03',46,'2014-11-17 14:57:20',6),(47,'2','1970-10-08',47,'1985-06-05 17:02:01',7),(48,'2','1984-09-24',48,'2010-01-15 22:12:35',8),(49,'1','2002-11-06',49,'1977-07-17 14:39:08',9),(50,'2','1997-02-14',50,'2008-11-23 05:17:46',10),(51,'2','1976-09-26',51,'1999-02-21 14:29:50',11),(52,'1','1998-07-05',52,'1976-08-19 06:00:35',12),(53,'2','1994-06-02',53,'2007-10-20 03:36:14',13),(54,'1','1970-07-07',54,'1991-12-03 05:50:36',14),(55,'2','1989-07-22',55,'2003-08-12 22:49:18',15),(56,'1','1975-11-27',56,'1974-08-23 06:28:04',16),(57,'2','2006-02-17',57,'2020-02-15 17:09:29',17),(58,'1','1982-02-25',58,'1996-10-07 13:00:05',18),(59,'1','1989-02-21',59,'1999-09-25 13:04:19',19),(60,'1','1995-12-10',60,'1979-02-27 13:03:42',20),(61,'1','1976-09-18',61,'1994-12-19 14:33:58',1),(62,'1','1976-02-17',62,'1982-03-05 09:54:36',2),(63,'2','2008-10-26',63,'2010-07-06 23:54:43',3),(64,'2','1982-07-29',64,'1996-06-04 12:08:26',4),(65,'1','2016-10-23',65,'2011-04-27 09:53:05',5),(66,'1','1982-03-26',66,'1990-03-06 18:56:28',6),(67,'2','1982-09-07',67,'1976-10-26 05:54:23',7),(68,'1','2007-05-04',68,'2006-12-24 21:47:00',8),(69,'2','1976-08-15',69,'2002-06-16 20:53:16',9),(70,'1','2021-01-11',70,'2016-02-20 21:20:53',10),(71,'2','1973-08-03',71,'2000-07-31 01:04:46',11),(72,'1','1988-07-09',72,'1994-12-04 09:51:01',12),(73,'1','2012-06-26',73,'2005-11-25 19:32:43',13),(74,'2','1987-10-29',74,'2015-02-21 11:44:25',14),(75,'1','1979-08-08',75,'1976-11-19 00:17:40',15),(76,'1','1990-04-26',76,'1985-08-12 11:16:34',16),(77,'1','1997-08-02',77,'1999-09-02 17:50:37',17),(78,'2','2012-11-13',78,'1997-10-23 04:18:26',18),(79,'1','2015-08-07',79,'2005-01-01 07:15:30',19),(80,'1','1982-09-29',80,'2007-10-13 11:43:01',20),(81,'2','2005-10-08',81,'2001-12-11 03:22:50',1),(82,'2','1989-09-06',82,'1979-11-20 22:43:28',2),(83,'2','1992-01-11',83,'2017-02-14 05:49:14',3),(84,'2','1980-01-26',84,'2019-02-12 14:00:17',4),(85,'2','2016-02-05',85,'1978-10-08 17:23:09',5),(86,'2','1991-01-25',86,'2015-09-15 06:40:09',6),(87,'1','1992-03-20',87,'1988-01-11 17:09:42',7),(88,'2','2014-01-17',88,'2015-12-15 23:21:56',8),(89,'1','1979-04-13',89,'1997-06-15 07:33:00',9),(90,'2','1971-12-25',90,'1983-08-29 20:16:57',10),(91,'2','1991-08-27',91,'2008-03-06 03:53:36',11),(92,'1','2018-12-26',92,'2010-01-16 14:11:18',12),(93,'2','1984-04-08',93,'1983-02-16 20:40:31',13),(94,'1','1982-02-27',94,'1986-10-09 22:19:44',14),(95,'1','2003-10-28',95,'2014-01-01 17:31:20',15),(96,'1','1984-06-16',96,'1995-04-21 23:02:18',16),(97,'1','2015-09-05',97,'1977-08-03 07:33:13',17),(98,'1','1998-01-15',98,'2020-07-04 09:50:23',18),(99,'1','1989-12-26',99,'1973-12-14 11:12:29',19),(100,'1','2001-10-15',100,'2012-02-04 16:22:06',20);
/*!40000 ALTER TABLE `profiles` ENABLE KEYS */;
UNLOCK TABLES;

--
-- Table structure for table `users`
--

DROP TABLE IF EXISTS `users`;
/*!40101 SET @saved_cs_client     = @@character_set_client */;
/*!40101 SET character_set_client = utf8 */;
CREATE TABLE `users` (
  `id` bigint(20) unsigned NOT NULL AUTO_INCREMENT,
  `firstname` varchar(50) COLLATE utf8mb4_unicode_ci DEFAULT NULL,
  `lastname` varchar(50) COLLATE utf8mb4_unicode_ci DEFAULT NULL COMMENT '',
  `email` varchar(120) COLLATE utf8mb4_unicode_ci DEFAULT NULL,
  `password_hash` varchar(100) COLLATE utf8mb4_unicode_ci DEFAULT NULL,
  `phone` bigint(20) unsigned DEFAULT NULL,
  PRIMARY KEY (`id`),
  UNIQUE KEY `email` (`email`),
  UNIQUE KEY `phone` (`phone`),
  KEY `users_firstname_lastname_idx` (`firstname`,`lastname`)
) ENGINE=InnoDB AUTO_INCREMENT=101 DEFAULT CHARSET=utf8mb4 COLLATE=utf8mb4_unicode_ci COMMENT='';
/*!40101 SET character_set_client = @saved_cs_client */;

--
-- Dumping data for table `users`
--

LOCK TABLES `users` WRITE;
/*!40000 ALTER TABLE `users` DISABLE KEYS */;
INSERT INTO `users` VALUES (1,'Larissa','Nolan','peter33@example.org','d8c52801086db2ffbbdb528e069e9a3dae3d5069',893164709964),(2,'Prince','Gaylord','makayla.raynor@example.org','40342ec85f0513a841046ae8aeed140886fdbf8d',894267834466),(3,'Carleton','Frami','ratke.ian@example.net','2cbb2712c029c3f592f1d480a182ec6bb2d3dde8',897900102413),(4,'Pierre','Lang','octavia.prosacco@example.com','e690d2ff2c52f59cc5b836948c2d4616749ab48b',893839230090),(5,'Susan','Stracke','idach@example.net','3a681c86263b2c4f060e070148bf991365bb634e',898745073014),(6,'Rosalinda','Cronin','dsenger@example.net','3760571ad4f8793049185c05b977bced30e21ecc',892416164563),(7,'Saul','Herzog','smitham.damaris@example.com','da4d18e53b3f70bc3db90d7b75556ea2620d4816',899196644043),(8,'Alessandra','Gottlieb','wkautzer@example.net','f79e388c0d19b638c7a7ca913768ff02d87bf196',897623400357),(9,'Braulio','Beier','alexane.cartwright@example.net','06aefc8d5b93580addd73e0063f105e9d5092ba7',896843985929),(10,'Golden','Von','lenore51@example.com','54f5e283df30646a4859725ab49bca50c535d7c3',894168971399),(11,'Alicia','Zulauf','abernathy.zelma@example.org','701aa2152bfecdf7641b44da783a77c9800e3e13',896587909539),(12,'Marilyne','Jacobson','pturcotte@example.net','0666750716effb7002c5416e7fc80c7c751c5dd1',897785443435),(13,'Richie','Hansen','odouglas@example.net','de9fdd9b0d60263e63c09c4f382ba3fd4bfd9886',892820406826),(14,'Otha','Haley','sigmund.greenholt@example.com','c4306625fada1a71c2aec379fc13aae9149c1018',898046056469),(15,'Ethyl','Rosenbaum','bethany05@example.net','019aa6fdbc5049fc5db57b2f5a14155fce028985',898378817676),(16,'Gina','Yost','turner.bill@example.com','95d50f06de4dda09b9b539d0934f8aa14793ed3b',892816355102),(17,'Nannie','Roob','senger.johnnie@example.com','9c4c69665c56038221bfa2877de62a6f91e5fc30',890514645604),(18,'Ellie','Howe','shad88@example.net','6c271f4a23c255be6525e155176b8aea7123f618',893634608439),(19,'Brant','Raynor','wintheiser.kaitlin@example.org','182cca14770477c47b92ab82bc270f29f27714de',890373930609),(20,'Lamont','Leffler','maia.jenkins@example.net','f7d165bb6571cfc9f630561b44e8686f628caf12',890181864053),(21,'Thelma','Terry','fletcher62@example.org','f4ca90be19e40f9cf972141422fe849d6d9a4d42',893432429744),(22,'Jace','Roberts','tyler42@example.net','69bf5a348fb9931d86df743268811f169a114841',892754996409),(23,'Louie','Spinka','theron88@example.org','af27803b107ffcf1a30638dcf20945d81def7e98',897618251265),(24,'Waino','Doyle','raegan.thiel@example.org','a17271c7f5c5306c3ae5b2334612009c2787120d',891908595473),(25,'Abigail','Kub','rryan@example.org','099fb4d77c9fd54e3dc24fcade5c2795140d0b83',896745475227),(26,'Kenyon','Frami','froob@example.org','f40b68eadf05207ecb154fa364422e94b67fe13e',891687878365),(27,'Rebekah','Ebert','dquigley@example.net','7c07aeb42b335bd79ea876359a3097810138a441',895502901389),(28,'Theresa','Gutmann','jarrett.franecki@example.com','62d05a53e0f160ceda5e286fe8d399d5876dd549',890244918190),(29,'Tommie','Osinski','dariana46@example.com','6757a2e1c90f1da0484ad3f8d6fe20f598c43e4d',895355776334),(30,'Sonia','McKenzie','warren98@example.com','fad2f0f21208ec113eb2881c60da8864285c4a2a',895678839664),(31,'Abdullah','Gerlach','agnes.auer@example.com','137f65cc25225bf9783ad590733df7faab173ce8',898526744255),(32,'Jan','Rath','cmante@example.net','d6d96ea2a6972547ede296d6eb18f75cb3902279',891651364993),(33,'Kamryn','Murphy','donald.gaylord@example.com','376e954a781b31a5c42409e72e15469d6f551ee6',891930369543),(34,'Ernestina','Mitchell','labadie.muriel@example.net','33dcc510570428e2f6502b0b1c6449a871a4d229',892945488635),(35,'Douglas','Runte','crist.dell@example.com','89eb3cca1a0a0f6ebef504d03d85918d8511f490',897091266862),(36,'Chadrick','Klocko','olakin@example.org','f47ac348232b8ff8215ae374f0e24f4905817c4b',893836991917),(37,'Deontae','Walter','woberbrunner@example.net','fd6d0a7212f2e086ba917fa9be9afeefb29a4440',897719540637),(38,'Ariane','Hyatt','jerrell.hodkiewicz@example.org','ed10bcb94049fde374e7d4ca07fc890d2dc2841c',899317797520),(39,'Hilma','Ferry','schroeder.laury@example.com','69f820a4ecd2500347a0533be19e74fe659d7a4e',896392229190),(40,'Juliet','Langworth','schimmel.deja@example.com','914f5c6f18395953dbbb6caed40f91809a674cf8',890586917162),(41,'Yvette','White','verna99@example.org','33cd07fc04aaa422973f8ace4498817ce39f07b5',894609361006),(42,'Frida','Miller','asa.gleichner@example.net','7d2b393288b08e25c5848eda9879df273ed0ac56',899818760422),(43,'Margarette','Carroll','judah29@example.com','4c8223586e75f75f522661f5cc868d220d060dd2',893208520626),(44,'Annabell','Herzog','june.quigley@example.org','a9e303d09a90fdda0e082beeff7e11f7381e8f6d',898282707491),(45,'Noemy','Schroeder','stoltenberg.alba@example.org','20b92af0e1c965b89f67e83724ca0e7ada78e4ab',896916065416),(46,'Helena','McGlynn','vrutherford@example.org','f1901b0bc3356fc833cfcfc1c321cf40b75cc070',894931069500),(47,'Pinkie','Legros','mccullough.dolly@example.net','3ce5291bb4596ddc1c04cef4c246215328212b05',893559194812),(48,'Emery','Mayer','wyatt32@example.net','282bf2bf213870d59d8c58e589ee892172c3140a',899124675975),(49,'Ivah','Kling','vbeer@example.org','0f6fb30ff541b2ce266148c0e691579a22daf75d',895630903476),(50,'Una','Anderson','jones.tatum@example.com','83de4a16d3a5a9b4ce464d4030c8e289d85bc888',891884996648),(51,'Therese','Collins','rubye33@example.com','1554defd21ab4f59200ffec6f47eaa8f522b3804',896013989155),(52,'Leon','Rohan','dakota.krajcik@example.net','d54946959c46474ca71eec999e3959e17ecff292',890219261073),(53,'Vance','Nienow','bcrist@example.com','07502d5c0ec8e9a020631ffdcb22863ad33c84a5',898130572251),(54,'Nya','Wyman','clementina48@example.org','1e52eeb896465d112449dba64ffb977ef0ab4928',894110375605),(55,'Nelda','Stamm','moshe.kunze@example.net','a3b8326598d3a54dc00439d7f0f23b5cb74f595a',892465037251),(56,'Lorine','Pfannerstill','mariane80@example.com','7d39a7ffa55c6d8d3c265cfc887961ca28b47ec9',899876865679),(57,'Ana','Oberbrunner','bosco.gabriella@example.net','0111b1fee155ebbdc054206793bcced25c7adb06',895511417658),(58,'Garth','Schimmel','wilford.howe@example.net','e04079c789c5d22b9bcfc276c57c356adbe2ef0b',892236133594),(59,'Cyril','Will','violet.trantow@example.org','ddbe2f4ef83a9b960f7c7b1cac93c62b059e4a44',899934171740),(60,'Morgan','Schoen','ernser.lenny@example.com','e193fb95153eb5320c559ac48f37813a37a2adc9',898365047541),(61,'Yasmine','Muller','bennett.kuhic@example.org','83d1d67a6e8c7d78e5fb1819b8475cfb0a7fa54a',897276364900),(62,'Cole','Stehr','barton.annamarie@example.net','bbd50aa54835e340faa0bfa455b0e94f777a4de4',891205064901),(63,'Birdie','Lang','dion.runolfsson@example.net','e7b6c380698fc23a59d17cba3f8ebdd48c741d46',890682576457),(64,'Josephine','Beahan','burley53@example.com','04986640f46689d02ad9d599e07aaf5b20ed6564',893267921903),(65,'Joel','Hintz','o\'kon.meagan@example.com','f3acaca83dd504a4ccc0ae2741a1c4466293c25b',898824164918),(66,'Dorothy','Tillman','spencer.orville@example.org','10f37129e6f5273d2933ab318bc186307cc4ccaa',894846483860),(67,'Demetris','Stanton','ckozey@example.net','67beda72a17a7de3c8787c5f911702f031adf4f8',892727316059),(68,'Owen','Cummerata','opredovic@example.org','5b3d3bc29e3d99c69d89c709d15c2be04dda0cc4',890864539821),(69,'Vernie','Erdman','fkreiger@example.com','f6f44fcf919599c0cbf67e1250da3d0fb98e1915',891945296977),(70,'Marianna','Kuphal','pearl.mclaughlin@example.net','865e806c2fe6ff8bbace0b50f972b175e55db90a',896768149877),(71,'Vilma','Johns','tmacejkovic@example.org','8794c13149535b8db4eefe47c27ba695b1bba6c5',891304030059),(72,'Jaclyn','Connelly','victoria56@example.org','73e91e9dff52e80d49cd0774294b9c07a72f997d',894367883722),(73,'Maximillia','Ziemann','lemke.lola@example.com','be247faf07662e0eaaa591a083d492005b5f3a42',892718856865),(74,'Nova','Kub','mortimer10@example.com','aab68c458feae47853c064e2024cd8783649013c',895930711436),(75,'Samson','McKenzie','bosinski@example.com','aa7e8ce44220b4c122fe91a3fb4b2802057060eb',893866252619),(76,'Keagan','White','casey66@example.org','0c3661c245a28e6b1735710f3382b87036a8251e',898010709113),(77,'Jaycee','Wiegand','kaia63@example.net','d5882ba7b1d2fc9d871c0b2f31212a60a5452c27',895272151739),(78,'Herminio','Mayer','mara31@example.net','62a7d27febb396f0b15094d23aff443335fbce53',894410103065),(79,'Otto','Tremblay','ckoss@example.com','9af421a9d9e1d3e269fb5a76e68bec93764ac3bd',896540761468),(80,'Carolyne','Bechtelar','pdouglas@example.net','3e1cf5bba3367cde471c27c5b126775c9a3cd751',896334685152),(81,'Lamont','Legros','omitchell@example.net','58e2c13e3928a65de1e9bcf1e71506192508a392',895631168950),(82,'Jedidiah','Brakus','blake53@example.org','04216b9c60af2cc6d32c3de623075a4bdb95bb46',899794202661),(83,'Watson','Olson','adams.estelle@example.net','5fbccf5691cb4a1e16a2e412a37f9a3ca120ed3a',895664247381),(84,'Jaylin','Raynor','lucious71@example.org','e35ba10c606e64056fe11f018ed913c258d7fa7f',892625979557),(85,'Enid','Douglas','harvey.stephan@example.com','0fff4eb3fef809271ef836df0627e7119e2e95dd',897645156551),(86,'Kallie','Yundt','palma63@example.org','601d0aa9314349f465f58a449b4cc385fa6ae4a6',896734871123),(87,'Daniela','Orn','bwill@example.net','a309681c8de5d431e5d5cce19aae4b603728994c',892811608533),(88,'Christiana','Effertz','alfonzo.kris@example.net','fac1d091465cc7dcb8b06879d133b9c0b4018341',896948207486),(89,'Yoshiko','Kohler','eryn21@example.org','2347c89400190b7d526954390f9b0186e468b5c0',891358910389),(90,'Peter','Douglas','zbahringer@example.net','617559f88d01a36448a612953e8e00532e88e81a',898924947869),(91,'Tabitha','Collier','keeley33@example.net','e432eab579d53372983e4b098020de307a43f57b',890242456579),(92,'Guillermo','Weissnat','bvolkman@example.com','15efce41776108e67a232fad86e29dff02fa2fe3',896933855991),(93,'Kylee','Wehner','dovie.vonrueden@example.com','61bd41400a78a4c962737ddeac380e35b96e73c2',894763085250),(94,'Anabelle','Kertzmann','yleffler@example.net','0369b0052bfcca94afcb99373892022c1b43c6af',891042076647),(95,'Danielle','Rempel','dpadberg@example.org','2e0787ac20174735388acfad39e9d277837407a1',899140986055),(96,'Tillman','Graham','candace29@example.net','19abef204fa54a8d23ce74127226e3d301e86e7c',895334738842),(97,'Dereck','Lemke','lgreenholt@example.org','2245048bb8dffffa9c6e23dcba51f739b2479a57',891649198671),(98,'Rowland','Walsh','jaden.muller@example.net','0b5b693902a354e9b837e117e43a9563a76accfb',890445018210),(99,'Carey','Gottlieb','carter.steuber@example.org','40a7f52eba22b588ddca59cb46b5e3eb89f7b648',895493129016),(100,'Mallie','Little','marvin.reichel@example.net','24264e1ff400da8a22f4c34204860e196d039a70',892893020333);
/*!40000 ALTER TABLE `users` ENABLE KEYS */;
UNLOCK TABLES;

--
-- Table structure for table `users_communities`
--

DROP TABLE IF EXISTS `users_communities`;
/*!40101 SET @saved_cs_client     = @@character_set_client */;
/*!40101 SET character_set_client = utf8 */;
CREATE TABLE `users_communities` (
  `user_id` bigint(20) unsigned NOT NULL,
  `community_id` bigint(20) unsigned NOT NULL,
  PRIMARY KEY (`user_id`,`community_id`),
  KEY `community_id` (`community_id`),
  CONSTRAINT `users_communities_ibfk_1` FOREIGN KEY (`user_id`) REFERENCES `users` (`id`),
  CONSTRAINT `users_communities_ibfk_2` FOREIGN KEY (`community_id`) REFERENCES `communities` (`id`)
) ENGINE=InnoDB DEFAULT CHARSET=utf8mb4 COLLATE=utf8mb4_unicode_ci;
/*!40101 SET character_set_client = @saved_cs_client */;

--
-- Dumping data for table `users_communities`
--

LOCK TABLES `users_communities` WRITE;
/*!40000 ALTER TABLE `users_communities` DISABLE KEYS */;
INSERT INTO `users_communities` VALUES (1,1),(2,2),(3,3),(4,4),(5,5),(6,6),(7,7),(8,8),(9,9),(10,10),(11,11),(12,12),(13,13),(14,14),(15,15),(16,16),(17,17),(18,18),(19,19),(20,20),(21,21),(22,22),(23,23),(24,24),(25,25),(26,26),(27,27),(28,28),(29,29),(30,30),(31,31),(32,32),(33,33),(34,34),(35,35),(36,36),(37,37),(38,38),(39,39),(40,40),(41,41),(42,42),(43,43),(44,44),(45,45),(46,46),(47,47),(48,48),(49,49),(50,50),(51,51),(52,52),(53,53),(54,54),(55,55),(56,56),(57,57),(58,58),(59,59),(60,60),(61,61),(62,62),(63,63),(64,64),(65,65),(66,66),(67,67),(68,68),(69,69),(70,70),(71,71),(72,72),(73,73),(74,74),(75,75),(76,76),(77,77),(78,78),(79,79),(80,80),(81,81),(82,82),(83,83),(84,84),(85,85),(86,86),(87,87),(88,88),(89,89),(90,90),(91,91),(92,92),(93,93),(94,94),(95,95),(96,96),(97,97),(98,98),(99,99),(100,100);
/*!40000 ALTER TABLE `users_communities` ENABLE KEYS */;
UNLOCK TABLES;
/*!40103 SET TIME_ZONE=@OLD_TIME_ZONE */;

/*!40101 SET SQL_MODE=@OLD_SQL_MODE */;
/*!40014 SET FOREIGN_KEY_CHECKS=@OLD_FOREIGN_KEY_CHECKS */;
/*!40014 SET UNIQUE_CHECKS=@OLD_UNIQUE_CHECKS */;
/*!40101 SET CHARACTER_SET_CLIENT=@OLD_CHARACTER_SET_CLIENT */;
/*!40101 SET CHARACTER_SET_RESULTS=@OLD_CHARACTER_SET_RESULTS */;
/*!40101 SET COLLATION_CONNECTION=@OLD_COLLATION_CONNECTION */;
/*!40111 SET SQL_NOTES=@OLD_SQL_NOTES */;

-- Dump completed on 2021-03-06 15:57:05
